threshold,fpr,tpr
8.47856522,0.00000000,0.00000000
8.47856426,0.00000000,0.00083333
8.20745468,0.00000000,0.00166667
8.19012451,0.00000000,0.00250000
8.18782997,0.00000000,0.00333333
8.17366123,0.00000000,0.00416667
8.09229660,0.00000000,0.00500000
8.07958221,0.00000000,0.00583333
8.07227802,0.00000000,0.00666667
8.01369667,0.00000000,0.00750000
7.99931574,0.00000000,0.00833333
7.99642181,0.00000000,0.00916667
7.95382929,0.00000000,0.01000000
7.92238617,0.00000000,0.01083333
7.91374683,0.00000000,0.01166667
7.90628433,0.00000000,0.01250000
7.85570049,0.00000000,0.01333333
7.83809328,0.00000000,0.01416667
7.83808041,0.00000000,0.01500000
7.82382917,0.00000000,0.01583333
7.79557753,0.00000000,0.01666667
7.69507504,0.00000000,0.01750000
7.69501543,0.00000000,0.01833333
7.69366980,0.00000000,0.01916667
7.67623806,0.00000000,0.02000000
7.67097425,0.00000000,0.02083333
7.66174555,0.00000000,0.02166667
7.65915203,0.00000000,0.02250000
7.64563227,0.00000000,0.02333333
7.62246561,0.00000000,0.02416667
7.60982513,0.00000000,0.02500000
7.60298443,0.00000000,0.02583333
7.60243607,0.00000000,0.02666667
7.59924555,0.00000000,0.02750000
7.58694363,0.00000000,0.02833333
7.56335163,0.00000000,0.02916667
7.52641535,0.00000000,0.03000000
7.51654053,0.00000000,0.03083333
7.50981140,0.00000000,0.03166667
7.50356770,0.00000000,0.03250000
7.49721909,0.00000000,0.03333333
7.47369289,0.00000000,0.03416667
7.46668959,0.00000000,0.03500000
7.46583700,0.00000000,0.03583333
7.44971514,0.00000000,0.03666667
7.43735266,0.00000000,0.03750000
7.42097616,0.00000000,0.03833333
7.41336346,0.00000000,0.03916667
7.40222645,0.00000000,0.04000000
7.39862156,0.00000000,0.04083333
7.39807606,0.00000000,0.04166667
7.39369822,0.00000000,0.04250000
7.39277983,0.00000000,0.04333333
7.38706303,0.00000000,0.04416667
7.38543034,0.00000000,0.04500000
7.38400698,0.00000000,0.04583333
7.37724447,0.00000000,0.04666667
7.36673069,0.00000000,0.04750000
7.36087036,0.00000000,0.04833333
7.33954000,0.00000000,0.04916667
7.33952951,0.00000000,0.05000000
7.33685780,0.00000000,0.05083333
7.32999420,0.00000000,0.05166667
7.32661438,0.00000000,0.05250000
7.31858826,0.00000000,0.05333333
7.31774759,0.00000000,0.05416667
7.31669998,0.00000000,0.05500000
7.29222536,0.00000000,0.05583333
7.29057312,0.00000000,0.05666667
7.29013014,0.00000000,0.05750000
7.28683329,0.00000000,0.05833333
7.28261423,0.00000000,0.05916667
7.28231764,0.00000000,0.06000000
7.28156948,0.00000000,0.06083333
7.27961969,0.00000000,0.06166667
7.27867508,0.00000000,0.06250000
7.27486038,0.00000000,0.06333333
7.27210093,0.00000000,0.06416667
7.25882244,0.00000000,0.06500000
7.25209332,0.00000000,0.06583333
7.24356318,0.00000000,0.06666667
7.23892450,0.00000000,0.06750000
7.23136234,0.00000000,0.06833333
7.22450638,0.00000000,0.06916667
7.22191620,0.00000000,0.07000000
7.21878719,0.00000000,0.07083333
7.21099424,0.00000000,0.07166667
7.20681763,0.00000000,0.07250000
7.20166922,0.00000000,0.07333333
7.19333887,0.00000000,0.07416667
7.18940878,0.00000000,0.07500000
7.18836546,0.00000000,0.07583333
7.18754101,0.00000000,0.07666667
7.18618345,0.00000000,0.07750000
7.17582560,0.00000000,0.07833333
7.16999531,0.00000000,0.07916667
7.16802740,0.00000000,0.08000000
7.16073513,0.00000000,0.08083333
7.15767050,0.00000000,0.08166667
7.15745592,0.00000000,0.08250000
7.14659500,0.00000000,0.08333333
7.14028931,0.00000000,0.08416667
7.13664389,0.00000000,0.08500000
7.13160181,0.00000000,0.08583333
7.13125753,0.00000000,0.08666667
7.13074827,0.00000000,0.08750000
7.13009024,0.00000000,0.08833333
7.12933445,0.00000000,0.08916667
7.12690973,0.00000000,0.09000000
7.12432909,0.00000000,0.09083333
7.12332487,0.00000000,0.09166667
7.11755991,0.00000000,0.09250000
7.11467743,0.00000000,0.09333333
7.11152267,0.00000000,0.09416667
7.11031675,0.00000000,0.09500000
7.08834314,0.00000000,0.09583333
7.08639812,0.00000000,0.09666667
7.08529234,0.00000000,0.09750000
7.08506918,0.00000000,0.09833333
7.07554197,0.00000000,0.09916667
7.07092142,0.00000000,0.10000000
7.06476116,0.00000000,0.10083333
7.06186342,0.00000000,0.10166667
7.06136560,0.00000000,0.10250000
7.05181789,0.00000000,0.10333333
7.05016708,0.00000000,0.10416667
7.04354048,0.00000000,0.10500000
7.04278088,0.00000000,0.10583333
7.03378010,0.00000000,0.10666667
7.02662945,0.00000000,0.10750000
7.02096653,0.00000000,0.10833333
7.01490641,0.00000000,0.10916667
7.01010895,0.00000000,0.11000000
6.99950838,0.00000000,0.11083333
6.99766493,0.00000000,0.11166667
6.99087048,0.00000000,0.11250000
6.98924875,0.00000000,0.11333333
6.98755598,0.00000000,0.11416667
6.98474169,0.00000000,0.11500000
6.97933674,0.00000000,0.11583333
6.96752977,0.00000000,0.11666667
6.95413065,0.00000000,0.11750000
6.95048046,0.00000000,0.11833333
6.94434977,0.00000000,0.11916667
6.94148779,0.00000000,0.12000000
6.92502642,0.00000000,0.12083333
6.92305470,0.00000000,0.12166667
6.92229128,0.00000000,0.12250000
6.91424704,0.00000000,0.12333333
6.91411638,0.00000000,0.12416667
6.90842915,0.00000000,0.12500000
6.88704681,0.00000000,0.12583333
6.88628292,0.00000000,0.12666667
6.88436079,0.00000000,0.12750000
6.88259220,0.00000000,0.12833333
6.86389828,0.00000000,0.12916667
6.85733461,0.00000000,0.13000000
6.85305309,0.00000000,0.13083333
6.85068607,0.00000000,0.13166667
6.84806347,0.00000000,0.13250000
6.84418917,0.00000000,0.13333333
6.84400415,0.00000000,0.13416667
6.84259272,0.00000000,0.13500000
6.82513857,0.00000000,0.13583333
6.82445192,0.00000000,0.13666667
6.81533051,0.00000000,0.13750000
6.80928946,0.00000000,0.13833333
6.80830908,0.00000000,0.13916667
6.80524397,0.00000000,0.14000000
6.79970884,0.00000000,0.14083333
6.79590893,0.00000000,0.14166667
6.79493380,0.00000000,0.14250000
6.79247141,0.00000000,0.14333333
6.79243803,0.00000000,0.14416667
6.79240894,0.00000000,0.14500000
6.78770924,0.00000000,0.14583333
6.78382397,0.00000000,0.14666667
6.78380823,0.00000000,0.14750000
6.78207445,0.00000000,0.14833333
6.77323484,0.00000000,0.14916667
6.76643515,0.00000000,0.15000000
6.76518869,0.00000000,0.15083333
6.74746752,0.00000000,0.15166667
6.74397326,0.00000000,0.15250000
6.74375296,0.00000000,0.15333333
6.74208689,0.00000000,0.15416667
6.73577452,0.00000000,0.15500000
6.73095560,0.00000000,0.15583333
6.72959471,0.00000000,0.15666667
6.72415972,0.00000000,0.15750000
6.71666670,0.00000000,0.15833333
6.70361042,0.00000000,0.15916667
6.70312977,0.00000000,0.16000000
6.69874716,0.00000000,0.16083333
6.69372034,0.00000000,0.16166667
6.68973398,0.00000000,0.16250000
6.67770147,0.00000000,0.16333333
6.67467499,0.00000000,0.16416667
6.66345501,0.00000000,0.16500000
6.65977430,0.00000000,0.16583333
6.65913486,0.00000000,0.16666667
6.65548754,0.00000000,0.16750000
6.65545177,0.00000000,0.16833333
6.65156078,0.00000000,0.16916667
6.64775705,0.00000000,0.17000000
6.64608431,0.00000000,0.17083333
6.64213276,0.00000000,0.17166667
6.63396311,0.00000000,0.17250000
6.62938738,0.00000000,0.17333333
6.62433529,0.00000000,0.17416667
6.62268686,0.00000000,0.17500000
6.61628056,0.00000000,0.17583333
6.61504459,0.00000000,0.17666667
6.61058855,0.00000000,0.17750000
6.60453081,0.00000000,0.17833333
6.60068893,0.00000000,0.17916667
6.59433985,0.00000000,0.18000000
6.59300709,0.00000000,0.18083333
6.58562183,0.00000000,0.18166667
6.58236647,0.00000000,0.18250000
6.57035589,0.00000000,0.18333333
6.56958771,0.00000000,0.18416667
6.56374979,0.00000000,0.18500000
6.56331778,0.00000000,0.18583333
6.55036068,0.00000000,0.18666667
6.54923153,0.00000000,0.18750000
6.54427671,0.00000000,0.18833333
6.54214954,0.00000000,0.18916667
6.54107618,0.00000000,0.19000000
6.53657198,0.00000000,0.19083333
6.53194284,0.00000000,0.19166667
6.52789927,0.00000000,0.19250000
6.52061462,0.00000000,0.19333333
6.50769901,0.00000000,0.19416667
6.50476456,0.00000000,0.19500000
6.49186945,0.00000000,0.19583333
6.48703909,0.00000000,0.19666667
6.48377514,0.00000000,0.19750000
6.47895193,0.00000000,0.19833333
6.47853041,0.00000000,0.19916667
6.47678137,0.00000000,0.20000000
6.47440100,0.00000000,0.20083333
6.47055483,0.00000000,0.20166667
6.46326876,0.00000000,0.20250000
6.45782709,0.00000000,0.20333333
6.45258427,0.00000000,0.20416667
6.44426727,0.00000000,0.20500000
6.44405985,0.00000000,0.20583333
6.44030428,0.00000000,0.20666667
6.44018984,0.00000000,0.20750000
6.43909883,0.00000000,0.20833333
6.43777800,0.00000000,0.20916667
6.43757153,0.00000000,0.21000000
6.43064451,0.00000000,0.21083333
6.43002272,0.00000000,0.21166667
6.42285967,0.00000000,0.21250000
6.42190218,0.00000000,0.21333333
6.41720915,0.00000000,0.21416667
6.40813208,0.00000000,0.21500000
6.40561962,0.00000000,0.21583333
6.40312433,0.00000000,0.21666667
6.39794397,0.00000000,0.21750000
6.39776993,0.00000000,0.21833333
6.39438200,0.00000000,0.21916667
6.39054918,0.00000000,0.22000000
6.38820171,0.00000000,0.22083333
6.38788891,0.00000000,0.22166667
6.38247061,0.00000000,0.22250000
6.38137960,0.00000000,0.22333333
6.37903738,0.00000000,0.22416667
6.37122440,0.00000000,0.22500000
6.36532307,0.00000000,0.22583333
6.35588551,0.00000000,0.22666667
6.34928560,0.00000000,0.22750000
6.34675932,0.00000000,0.22833333
6.34117270,0.00000000,0.22916667
6.33901167,0.00000000,0.23000000
6.32865191,0.00000000,0.23083333
6.32823420,0.00000000,0.23166667
6.32785320,0.00000000,0.23250000
6.32389832,0.00000000,0.23333333
6.31829691,0.00000000,0.23416667
6.31688452,0.00000000,0.23500000
6.31645918,0.00000000,0.23583333
6.31147099,0.00000000,0.23666667
6.31016541,0.00000000,0.23750000
6.30332661,0.00000000,0.23833333
6.30174971,0.00000000,0.23916667
6.29949284,0.00000000,0.24000000
6.29849720,0.00000000,0.24083333
6.29659557,0.00000000,0.24166667
6.28815079,0.00000000,0.24250000
6.28773069,0.00000000,0.24333333
6.28121805,0.00000000,0.24416667
6.27970171,0.00000000,0.24500000
6.27399445,0.00000000,0.24583333
6.27267408,0.00000000,0.24666667
6.25972509,0.00000000,0.24750000
6.25142717,0.00000000,0.24833333
6.24631214,0.00000000,0.24916667
6.24009085,0.00000000,0.25000000
6.23696613,0.00000000,0.25083333
6.23583174,0.00000000,0.25166667
6.23582602,0.00000000,0.25250000
6.23476696,0.00000000,0.25333333
6.23421431,0.00000000,0.25416667
6.23036242,0.00000000,0.25500000
6.22377253,0.00000000,0.25583333
6.20628023,0.00000000,0.25666667
6.20477724,0.00000000,0.25750000
6.20121861,0.00000000,0.25833333
6.17469501,0.00000000,0.25916667
6.17402172,0.00000000,0.26000000
6.16626787,0.00000000,0.26083333
6.15715504,0.00000000,0.26166667
6.15435028,0.00000000,0.26250000
6.15341139,0.00000000,0.26333333
6.14079380,0.00000000,0.26416667
6.14073420,0.00000000,0.26500000
6.14014053,0.00000000,0.26583333
6.13789892,0.00000000,0.26666667
6.13784361,0.00000000,0.26750000
6.13418674,0.00000000,0.26833333
6.13071585,0.00000000,0.26916667
6.12847519,0.00000000,0.27000000
6.12513494,0.00000000,0.27083333
6.12353897,0.00000000,0.27166667
6.12089252,0.00000000,0.27250000
6.11749935,0.00000000,0.27333333
6.11405420,0.00000000,0.27416667
6.10587168,0.00000000,0.27500000
6.10300112,0.00000000,0.27583333
6.09876871,0.00000000,0.27666667
6.09115314,0.00000000,0.27750000
6.08326817,0.00000000,0.27833333
6.07648945,0.00000000,0.27916667
6.07576895,0.00000000,0.28000000
6.07513714,0.00000000,0.28083333
6.07316732,0.00000000,0.28166667
6.07233858,0.00000000,0.28250000
6.06918192,0.00000000,0.28333333
6.05949783,0.00000000,0.28416667
6.05857325,0.00000000,0.28500000
6.05266619,0.00000000,0.28583333
6.04840803,0.00000000,0.28666667
6.04826212,0.00000000,0.28750000
6.04445934,0.00000000,0.28833333
6.02394962,0.00000000,0.28916667
6.02060556,0.00000000,0.29000000
6.01407385,0.00000000,0.29083333
6.00076389,0.00000000,0.29166667
6.00006771,0.00000000,0.29250000
5.99977827,0.00000000,0.29333333
5.99927950,0.00000000,0.29416667
5.99820662,0.00000000,0.29500000
5.99092770,0.00000000,0.29583333
5.98539066,0.00000000,0.29666667
5.97844315,0.00000000,0.29750000
5.97234964,0.00000000,0.29833333
5.94767809,0.00000000,0.29916667
5.94245672,0.00000000,0.30000000
5.94098663,0.00000000,0.30083333
5.93979406,0.00000000,0.30166667
5.93512011,0.00000000,0.30250000
5.92440557,0.00000000,0.30333333
5.92172241,0.00000000,0.30416667
5.92131662,0.00000000,0.30500000
5.91803646,0.00000000,0.30583333
5.91597509,0.00000000,0.30666667
5.91228390,0.00000000,0.30750000
5.91207218,0.00000000,0.30833333
5.91098070,0.00000000,0.30916667
5.89957809,0.00000000,0.31000000
5.89956284,0.00000000,0.31083333
5.88197994,0.00000000,0.31166667
5.87777090,0.00000000,0.31250000
5.87595654,0.00000000,0.31333333
5.86669636,0.00000000,0.31416667
5.86641550,0.00000000,0.31500000
5.85079479,0.00000000,0.31583333
5.84823561,0.00000000,0.31666667
5.84641647,0.00000000,0.31750000
5.84456539,0.00000000,0.31833333
5.83676624,0.00000000,0.31916667
5.83027220,0.00000000,0.32000000
5.82991743,0.00000000,0.32083333
5.82478476,0.00000000,0.32166667
5.80023193,0.00000000,0.32250000
5.79737949,0.00000000,0.32333333
5.78822088,0.00000000,0.32416667
5.78217268,0.00000000,0.32500000
5.77199697,0.00000000,0.32583333
5.76517248,0.00000000,0.32666667
5.76101637,0.00000000,0.32750000
5.76054525,0.00000000,0.32833333
5.74646425,0.00000000,0.32916667
5.73766994,0.00000000,0.33000000
5.73486805,0.00000000,0.33083333
5.73310947,0.00000000,0.33166667
5.73154116,0.00000000,0.33250000
5.72911024,0.00000000,0.33333333
5.72506094,0.00000000,0.33416667
5.71943617,0.00000000,0.33500000
5.70919657,0.00000000,0.33583333
5.70372343,0.00000000,0.33666667
5.69322634,0.00000000,0.33750000
5.69138098,0.00000000,0.33833333
5.69035673,0.00000000,0.33916667
5.68567419,0.00000000,0.34000000
5.68467951,0.00000000,0.34083333
5.68299532,0.00000000,0.34166667
5.68267584,0.00000000,0.34250000
5.68199635,0.00000000,0.34333333
5.67709303,0.00000000,0.34416667
5.65898466,0.00000000,0.34500000
5.65854692,0.00000000,0.34583333
5.65111685,0.00000000,0.34666667
5.64530849,0.00000000,0.34750000
5.64239168,0.00000000,0.34833333
5.63310766,0.00000000,0.34916667
5.63292837,0.00000000,0.35000000
5.62512636,0.00000000,0.35083333
5.62029171,0.00000000,0.35166667
5.62028074,0.00000000,0.35250000
5.61529398,0.00000000,0.35333333
5.61180973,0.00000000,0.35416667
5.57916546,0.00000000,0.35500000
5.57549524,0.00000000,0.35583333
5.57433176,0.00000000,0.35666667
5.56911230,0.00000000,0.35750000
5.56748199,0.00000000,0.35833333
5.56486845,0.00000000,0.35916667
5.56333828,0.00000000,0.36000000
5.55948591,0.00000000,0.36083333
5.55916166,0.00000000,0.36166667
5.55399179,0.00000000,0.36250000
5.54912996,0.00000000,0.36333333
5.54529333,0.00000000,0.36416667
5.53877687,0.00000000,0.36500000
5.51857996,0.00000000,0.36583333
5.51539135,0.00000000,0.36666667
5.51064920,0.00000000,0.36750000
5.50699282,0.00000000,0.36833333
5.50415325,0.00000000,0.36916667
5.50404453,0.00000000,0.37000000
5.47229910,0.00000000,0.37083333
5.46534967,0.00000000,0.37166667
5.46414804,0.00000000,0.37250000
5.46266174,0.00000000,0.37333333
5.45970631,0.00000000,0.37416667
5.45306873,0.00000000,0.37500000
5.44853830,0.00000000,0.37583333
5.44843578,0.00000000,0.37666667
5.44600391,0.00000000,0.37750000
5.44539881,0.00000000,0.37833333
5.44192600,0.00000000,0.37916667
5.42911005,0.00000000,0.38000000
5.42077208,0.00000000,0.38083333
5.41484594,0.00000000,0.38166667
5.41171885,0.00000000,0.38250000
5.41076994,0.00000000,0.38333333
5.41047955,0.00000000,0.38416667
5.39934206,0.00000000,0.38500000
5.39687014,0.00000000,0.38583333
5.38374853,0.00000000,0.38666667
5.37543344,0.00000000,0.38750000
5.37117386,0.00000000,0.38833333
5.36802340,0.00000000,0.38916667
5.36263657,0.00000000,0.39000000
5.36129999,0.00000000,0.39083333
5.34934950,0.00000000,0.39166667
5.34317112,0.00000000,0.39250000
5.34294653,0.00000000,0.39333333
5.33387613,0.00000000,0.39416667
5.32812500,0.00000000,0.39500000
5.32792997,0.00000000,0.39583333
5.32204676,0.00000000,0.39666667
5.31594515,0.00000000,0.39750000
5.31480312,0.00000000,0.39833333
5.31445551,0.00000000,0.39916667
5.31006718,0.00000000,0.40000000
5.30337667,0.00000000,0.40083333
5.30215073,0.00000000,0.40166667
5.29968882,0.00000000,0.40250000
5.29852533,0.00000000,0.40333333
5.29197216,0.00000000,0.40416667
5.28869867,0.00000000,0.40500000
5.28592682,0.00000000,0.40583333
5.27912426,0.00000000,0.40666667
5.27043200,0.00000000,0.40750000
5.26765537,0.00000000,0.40833333
5.25485897,0.00000000,0.40916667
5.25460291,0.00000000,0.41000000
5.25387239,0.00000000,0.41083333
5.24668407,0.00000000,0.41166667
5.23962259,0.00000000,0.41250000
5.23360300,0.00000000,0.41333333
5.23005772,0.00000000,0.41416667
5.23002005,0.00000000,0.41500000
5.22685528,0.00000000,0.41583333
5.22592783,0.00000000,0.41666667
5.21479750,0.00000000,0.41750000
5.20807552,0.00000000,0.41833333
5.19510984,0.00000000,0.41916667
5.18441629,0.00000000,0.42000000
5.17598724,0.00000000,0.42083333
5.16793299,0.00000000,0.42166667
5.16393757,0.00000000,0.42250000
5.16331339,0.00000000,0.42333333
5.16122437,0.00000000,0.42416667
5.15594387,0.00000000,0.42500000
5.15503073,0.00000000,0.42583333
5.15355396,0.00000000,0.42666667
5.15219069,0.00000000,0.42750000
5.14613867,0.00000000,0.42833333
5.13853216,0.00000000,0.42916667
5.13233614,0.00000000,0.43000000
5.12720919,0.00000000,0.43083333
5.11883450,0.00000000,0.43166667
5.11849499,0.00000000,0.43250000
5.11725712,0.00000000,0.43333333
5.11319685,0.00000000,0.43416667
5.10572481,0.00000000,0.43500000
5.10545778,0.00000000,0.43583333
5.09480906,0.00000000,0.43666667
5.09465075,0.00000000,0.43750000
5.08633280,0.00000000,0.43833333
5.08526611,0.00000000,0.43916667
5.08482885,0.00000000,0.44000000
5.08102703,0.00000000,0.44083333
5.08099318,0.00000000,0.44166667
5.07891083,0.00000000,0.44250000
5.07858515,0.00000000,0.44333333
5.07729292,0.00000000,0.44416667
5.06717014,0.00000000,0.44500000
5.05663824,0.00000000,0.44583333
5.05653715,0.00000000,0.44666667
5.05352831,0.00000000,0.44750000
5.04217577,0.00000000,0.44833333
5.03590727,0.00000000,0.44916667
5.02979612,0.00000000,0.45000000
5.00657749,0.00000000,0.45083333
4.98695755,0.00000000,0.45166667
4.93374348,0.00000000,0.45250000
4.92677593,0.00000000,0.45333333
4.91985750,0.00000000,0.45416667
4.91956854,0.00000000,0.45500000
4.91001797,0.00000000,0.45583333
4.90969706,0.00000000,0.45666667
4.90670776,0.00000000,0.45750000
4.90256882,0.00000000,0.45833333
4.89200258,0.00000000,0.45916667
4.88936710,0.00000000,0.46000000
4.88459921,0.00000000,0.46083333
4.88340044,0.00000000,0.46166667
4.88161612,0.00000000,0.46250000
4.87915897,0.00000000,0.46333333
4.87543917,0.00000000,0.46416667
4.87402391,0.00000000,0.46500000
4.86659575,0.00000000,0.46583333
4.86654902,0.00000000,0.46666667
4.86614609,0.00000000,0.46750000
4.86557055,0.00000000,0.46833333
4.86081314,0.00000000,0.46916667
4.86024761,0.00000000,0.47000000
4.85744810,0.00000000,0.47083333
4.84599352,0.00000000,0.47166667
4.84450865,0.00000000,0.47250000
4.84022427,0.00000000,0.47333333
4.83008957,0.00000000,0.47416667
4.82815027,0.00000000,0.47500000
4.82035160,0.00000000,0.47583333
4.81844997,0.00000000,0.47666667
4.81792068,0.00000000,0.47750000
4.81631994,0.00000000,0.47833333
4.81464481,0.00000000,0.47916667
4.80146456,0.00000000,0.48000000
4.79626226,0.00000000,0.48083333
4.79373169,0.00000000,0.48166667
4.79177856,0.00000000,0.48250000
4.79103184,0.00000000,0.48333333
4.78832912,0.00000000,0.48416667
4.78276491,0.00000000,0.48500000
4.78122950,0.00000000,0.48583333
4.77879477,0.00000000,0.48666667
4.77846766,0.00000000,0.48750000
4.77727032,0.00000000,0.48833333
4.77379131,0.00000000,0.48916667
4.77055216,0.00000000,0.49000000
4.76110554,0.00000000,0.49083333
4.75325537,0.00000000,0.49166667
4.75146770,0.00000000,0.49250000
4.74415112,0.00000000,0.49333333
4.74199247,0.00000000,0.49416667
4.73256826,0.00000000,0.49500000
4.72748613,0.00000000,0.49583333
4.72634125,0.00000000,0.49666667
4.72488737,0.00000000,0.49750000
4.72477293,0.00000000,0.49833333
4.72452068,0.00000000,0.49916667
4.72354078,0.00000000,0.50000000
4.72331476,0.00000000,0.50083333
4.72286606,0.00000000,0.50166667
4.72155285,0.00000000,0.50250000
4.71745777,0.00000000,0.50333333
4.71742487,0.00000000,0.50416667
4.71380615,0.00000000,0.50500000
4.71196651,0.00000000,0.50583333
4.70563650,0.00000000,0.50666667
4.70528889,0.00000000,0.50750000
4.69927502,0.00000000,0.50833333
4.69684601,0.00000000,0.50916667
4.69414139,0.00000000,0.51000000
4.69002008,0.00000000,0.51083333
4.68870401,0.00000000,0.51166667
4.68326712,0.00000000,0.51250000
4.68177652,0.00000000,0.51333333
4.67833424,0.00000000,0.51416667
4.66964245,0.00000000,0.51500000
4.66396236,0.00000000,0.51583333
4.66068363,0.00000000,0.51666667
4.65849590,0.00000000,0.51750000
4.65833426,0.00000000,0.51833333
4.65744543,0.00000000,0.51916667
4.65245819,0.00000000,0.52000000
4.64516687,0.00000000,0.52083333
4.64079380,0.00000000,0.52166667
4.63755274,0.00000000,0.52250000
4.63744450,0.00000000,0.52333333
4.63256598,0.00000000,0.52416667
4.63032675,0.00000000,0.52500000
4.63022232,0.00000000,0.52583333
4.62859726,0.00000000,0.52666667
4.61531687,0.00000000,0.52750000
4.61097717,0.00000000,0.52833333
4.60768127,0.00000000,0.52916667
4.60531902,0.00000000,0.53000000
4.60426712,0.00000000,0.53083333
4.60288620,0.00000000,0.53166667
4.60240889,0.00000000,0.53250000
4.59985781,0.00000000,0.53333333
4.59648275,0.00000000,0.53416667
4.59163618,0.00000000,0.53500000
4.58758020,0.00000000,0.53583333
4.58609629,0.00000000,0.53666667
4.58179903,0.00000000,0.53750000
4.58030081,0.00000000,0.53833333
4.56623793,0.00000000,0.53916667
4.56441402,0.00000000,0.54000000
4.54756927,0.00000000,0.54083333
4.54729843,0.00000000,0.54166667
4.54059696,0.00000000,0.54250000
4.53305149,0.00000000,0.54333333
4.53265619,0.00000000,0.54416667
4.53227282,0.00000000,0.54500000
4.53133535,0.00000000,0.54583333
4.53048325,0.00000000,0.54666667
4.52775192,0.00000000,0.54750000
4.52717447,0.00000000,0.54833333
4.52555466,0.00000000,0.54916667
4.52049875,0.00000000,0.55000000
4.51742697,0.00000000,0.55083333
4.51659727,0.00000000,0.55166667
4.50489950,0.00000000,0.55250000
4.49810648,0.00000000,0.55333333
4.48237848,0.00000000,0.55416667
4.47800016,0.00000000,0.55500000
4.47621250,0.00000000,0.55583333
4.46773958,0.00000000,0.55666667
4.46216488,0.00000000,0.55750000
4.46213484,0.00000000,0.55833333
4.45703793,0.00000000,0.55916667
4.45152140,0.00000000,0.56000000
4.44693708,0.00000000,0.56083333
4.44579649,0.00000000,0.56166667
4.44062710,0.00000000,0.56250000
4.43324137,0.00000000,0.56333333
4.42918682,0.00000000,0.56416667
4.42674303,0.00000000,0.56500000
4.42145967,0.00000000,0.56583333
4.41702080,0.00000000,0.56666667
4.41666365,0.00000000,0.56750000
4.41525650,0.00000000,0.56833333
4.40732241,0.00000000,0.56916667
4.40219402,0.00000000,0.57000000
4.39924622,0.00000000,0.57083333
4.39388752,0.00000000,0.57166667
4.38426733,0.00000000,0.57250000
4.38167286,0.00000000,0.57333333
4.37522078,0.00000000,0.57416667
4.36791277,0.00000000,0.57500000
4.36728239,0.00000000,0.57583333
4.36646652,0.00000000,0.57666667
4.36467123,0.00000000,0.57750000
4.36136150,0.00000000,0.57833333
4.36129093,0.00000000,0.57916667
4.34523392,0.00000000,0.58000000
4.33862209,0.00000000,0.58083333
4.33726692,0.00000000,0.58166667
4.33564806,0.00000000,0.58250000
4.32533407,0.00000000,0.58333333
4.32393932,0.00000000,0.58416667
4.32033682,0.00000000,0.58500000
4.31737852,0.00000000,0.58583333
4.31495047,0.00000000,0.58666667
4.31408072,0.00000000,0.58750000
4.30628681,0.00000000,0.58833333
4.30549812,0.00000000,0.58916667
4.30492783,0.00000000,0.59000000
4.30344868,0.00000000,0.59083333
4.28609371,0.00000000,0.59166667
4.28586054,0.00000000,0.59250000
4.27288485,0.00000000,0.59333333
4.27128649,0.00000000,0.59416667
4.26683140,0.00000000,0.59500000
4.26588917,0.00000000,0.59583333
4.25842714,0.00000000,0.59666667
4.25363970,0.00000000,0.59750000
4.24486542,0.00000000,0.59833333
4.24422741,0.00000000,0.59916667
4.24082232,0.00000000,0.60000000
4.23910332,0.00000000,0.60083333
4.23606253,0.00000000,0.60166667
4.23012400,0.00000000,0.60250000
4.22911930,0.00000000,0.60333333
4.21077251,0.00000000,0.60416667
4.20277214,0.00000000,0.60500000
4.20167112,0.00000000,0.60583333
4.19886541,0.00000000,0.60666667
4.18577003,0.00000000,0.60750000
4.18154526,0.00000000,0.60833333
4.17879915,0.00000000,0.60916667
4.17545652,0.00000000,0.61000000
4.16971636,0.00000000,0.61083333
4.16337299,0.00000000,0.61166667
4.15189314,0.00000000,0.61250000
4.14070272,0.00000000,0.61333333
4.14018202,0.00000000,0.61416667
4.13838863,0.00000000,0.61500000
4.13781643,0.00000000,0.61583333
4.13659334,0.00000000,0.61666667
4.13646460,0.00000000,0.61750000
4.11559677,0.00000000,0.61833333
4.10839128,0.00000000,0.61916667
4.10454130,0.00000000,0.62000000
4.10075998,0.00000000,0.62083333
4.08853149,0.00000000,0.62166667
4.08838081,0.00000000,0.62250000
4.08793163,0.00000000,0.62333333
4.08532095,0.00000000,0.62416667
4.08330727,0.00000000,0.62500000
4.07287550,0.00000000,0.62583333
4.07078600,0.00000000,0.62666667
4.06881094,0.00000000,0.62750000
4.06088972,0.00000000,0.62833333
4.05747080,0.00000000,0.62916667
4.05458593,0.00000000,0.63000000
4.04313517,0.00000000,0.63083333
4.04206228,0.00000000,0.63166667
4.03821659,0.00000000,0.63250000
4.03786039,0.00000000,0.63333333
4.03455830,0.00000000,0.63416667
4.03318071,0.00000000,0.63500000
4.03202724,0.00000000,0.63583333
4.03030443,0.00000000,0.63666667
4.02762079,0.00000000,0.63750000
4.02742910,0.00000000,0.63833333
4.02175236,0.00000000,0.63916667
4.01355696,0.00000000,0.64000000
4.01298046,0.00000000,0.64083333
3.99868393,0.00000000,0.64166667
3.99555278,0.00000000,0.64250000
3.99404573,0.00000000,0.64333333
3.99285293,0.00000000,0.64416667
3.99166727,0.00000000,0.64500000
3.99127984,0.00000000,0.64583333
3.98941350,0.00000000,0.64666667
3.98900723,0.00000000,0.64750000
3.98795819,0.00000000,0.64833333
3.98161197,0.00000000,0.64916667
3.98027110,0.00000000,0.65000000
3.97710443,0.00000000,0.65083333
3.97066092,0.00000000,0.65166667
3.96960998,0.00000000,0.65250000
3.96775413,0.00000000,0.65333333
3.95771527,0.00000000,0.65416667
3.95720339,0.00000000,0.65500000
3.95661974,0.00000000,0.65583333
3.95650339,0.00000000,0.65666667
3.95566893,0.00000000,0.65750000
3.95376229,0.00000000,0.65833333
3.95141268,0.00000000,0.65916667
3.95089269,0.00000000,0.66000000
3.94543481,0.00000000,0.66083333
3.93783784,0.00000000,0.66166667
3.93639994,0.00000000,0.66250000
3.92359304,0.00000000,0.66333333
3.92246294,0.00000000,0.66416667
3.92119193,0.00000000,0.66500000
3.91757631,0.00000000,0.66583333
3.91597414,0.00000000,0.66666667
3.91079974,0.00000000,0.66750000
3.90447927,0.00000000,0.66833333
3.89731002,0.00000000,0.66916667
3.89656377,0.00000000,0.67000000
3.89630008,0.00000000,0.67083333
3.89597917,0.00000000,0.67166667
3.89413905,0.00000000,0.67250000
3.88861656,0.00000000,0.67333333
3.88517642,0.00000000,0.67416667
3.87752390,0.00000000,0.67500000
3.87683034,0.00000000,0.67583333
3.86637306,0.00000000,0.67666667
3.86567664,0.00000000,0.67750000
3.86472392,0.00000000,0.67833333
3.84871745,0.00000000,0.67916667
3.84475470,0.00000000,0.68000000
3.82682467,0.00000000,0.68083333
3.81965828,0.00000000,0.68166667
3.81483483,0.00000000,0.68250000
3.80802727,0.00000000,0.68333333
3.80612350,0.00000000,0.68416667
3.80512834,0.00000000,0.68500000
3.78557634,0.00000000,0.68583333
3.77830315,0.00000000,0.68666667
3.76788735,0.00000000,0.68750000
3.74687338,0.00000000,0.68833333
3.73353386,0.00000000,0.68916667
3.72510743,0.00000000,0.69000000
3.71653938,0.00000000,0.69083333
3.70990992,0.00000000,0.69166667
3.69603610,0.00000000,0.69250000
3.69000816,0.00000000,0.69333333
3.68424797,0.00000000,0.69416667
3.68306780,0.00000000,0.69500000
3.62974691,0.00000000,0.69583333
3.60578227,0.00000000,0.69666667
3.56725454,0.00000000,0.69750000
3.56539893,0.00000000,0.69833333
3.55194521,0.00000000,0.69916667
3.48956680,0.00000000,0.70000000
3.48352790,0.00000000,0.70083333
3.45755243,0.00000000,0.70166667
3.44470596,0.00000000,0.70250000
3.43474388,0.00000000,0.70333333
3.36436915,0.00000000,0.70416667
3.35021639,0.00000000,0.70500000
3.33698297,0.00000000,0.70583333
3.32612586,0.00000000,0.70666667
3.28411531,0.00000000,0.70750000
3.26132178,0.00000000,0.70833333
3.25318146,0.00000000,0.70916667
3.24274397,0.00000000,0.71000000
3.23343277,0.00000000,0.71083333
3.21659040,0.00000000,0.71166667
3.21340537,0.00000000,0.71250000
3.20767760,0.00000000,0.71333333
3.18199801,0.00000000,0.71416667
3.16067386,0.00000000,0.71500000
3.15215039,0.00000000,0.71583333
3.14958692,0.00000000,0.71666667
3.14891386,0.00000000,0.71750000
3.13682914,0.00000000,0.71833333
3.12893271,0.00000000,0.71916667
3.12165618,0.00000000,0.72000000
3.12093806,0.00000000,0.72083333
3.11258817,0.00000000,0.72166667
3.08450532,0.00000000,0.72250000
3.07110095,0.00000000,0.72333333
3.05849671,0.00000000,0.72416667
3.04190111,0.00000000,0.72500000
3.03899813,0.00000000,0.72583333
3.02863002,0.00000000,0.72666667
2.99753356,0.00000000,0.72750000
2.99651504,0.00000000,0.72833333
2.96562576,0.00000000,0.72916667
2.96197581,0.00000000,0.73000000
2.95709205,0.00000000,0.73083333
2.94989204,0.00000000,0.73166667
2.94843554,0.00000000,0.73250000
2.94001794,0.00000000,0.73333333
2.93625283,0.00000000,0.73416667
2.90006042,0.00000000,0.73500000
2.87534308,0.00000000,0.73583333
2.86003685,0.00000000,0.73666667
2.84809494,0.00000000,0.73750000
2.84594798,0.00000000,0.73833333
2.84477115,0.00000000,0.73916667
2.83667302,0.00000000,0.74000000
2.82319713,0.00000000,0.74083333
2.82121539,0.00000000,0.74166667
2.81439900,0.00000000,0.74250000
2.80624652,0.00000000,0.74333333
2.79814315,0.00000000,0.74416667
2.79465032,0.00000000,0.74500000
2.74658704,0.00000000,0.74583333
2.74593806,0.00000000,0.74666667
2.73201203,0.00000000,0.74750000
2.72291994,0.00000000,0.74833333
2.71368456,0.00000000,0.74916667
2.70109820,0.00000000,0.75000000
2.69296193,0.00000000,0.75083333
2.68872285,0.00000000,0.75166667
2.68499327,0.00000000,0.75250000
2.65086746,0.00000000,0.75333333
2.64450812,0.00000000,0.75416667
2.64103699,0.00000000,0.75500000
2.60004258,0.00000000,0.75583333
2.57463527,0.00000000,0.75666667
2.57457352,0.00000000,0.75750000
2.57160521,0.00000000,0.75833333
2.57152319,0.00000000,0.75916667
2.56970763,0.00000000,0.76000000
2.56728029,0.00000000,0.76083333
2.55752349,0.00000000,0.76166667
2.55576134,0.00000000,0.76250000
2.54154849,0.00000000,0.76333333
2.53166342,0.00000000,0.76416667
2.53093648,0.00000000,0.76500000
2.52727461,0.00000000,0.76583333
2.52044892,0.00000000,0.76666667
2.51584601,0.00000000,0.76750000
2.48970652,0.00000000,0.76833333
2.47641993,0.00000000,0.76916667
2.47247148,0.00000000,0.77000000
2.45511270,0.00000000,0.77083333
2.44752669,0.00000000,0.77166667
2.44379091,0.00000000,0.77250000
2.43499923,0.00000000,0.77333333
2.42680407,0.00000000,0.77416667
2.42248917,0.00000000,0.77500000
2.42185235,0.00000000,0.77583333
2.41374636,0.00000000,0.77666667
2.40366173,0.00000000,0.77750000
2.40317082,0.00000000,0.77833333
2.40226150,0.00000000,0.77916667
2.39875412,0.00000000,0.78000000
2.38771629,0.00000000,0.78083333
2.37962508,0.00000000,0.78166667
2.37167168,0.00000000,0.78250000
2.36882544,0.00083333,0.78250000
2.36345434,0.00083333,0.78333333
2.36063886,0.00083333,0.78416667
2.35051680,0.00083333,0.78500000
2.34793830,0.00083333,0.78583333
2.34457135,0.00083333,0.78666667
2.34048486,0.00083333,0.78750000
2.33883357,0.00083333,0.78833333
2.33657432,0.00083333,0.78916667
2.33159852,0.00083333,0.79000000
2.32665181,0.00083333,0.79083333
2.32537413,0.00083333,0.79166667
2.32388067,0.00083333,0.79250000
2.31601286,0.00083333,0.79333333
2.31103778,0.00083333,0.79416667
2.30878210,0.00083333,0.79500000
2.30722237,0.00083333,0.79583333
2.30405068,0.00083333,0.79666667
2.28368950,0.00083333,0.79750000
2.27009726,0.00083333,0.79833333
2.25528836,0.00083333,0.79916667
2.24564219,0.00083333,0.80000000
2.24056554,0.00083333,0.80083333
2.22988653,0.00083333,0.80166667
2.22811246,0.00083333,0.80250000
2.22064042,0.00083333,0.80333333
2.21316075,0.00083333,0.80416667
2.20076990,0.00083333,0.80500000
2.19998026,0.00083333,0.80583333
2.16980505,0.00083333,0.80666667
2.16260910,0.00083333,0.80750000
2.16113710,0.00083333,0.80833333
2.15965819,0.00083333,0.80916667
2.14505410,0.00083333,0.81000000
2.14205790,0.00083333,0.81083333
2.13534355,0.00166667,0.81083333
2.13216376,0.00166667,0.81166667
2.13173938,0.00166667,0.81250000
2.12930942,0.00166667,0.81333333
2.11983252,0.00166667,0.81416667
2.11428189,0.00166667,0.81500000
2.11144090,0.00166667,0.81583333
2.10751200,0.00166667,0.81666667
2.10745573,0.00166667,0.81750000
2.10721660,0.00166667,0.81833333
2.10625863,0.00166667,0.81916667
2.10442829,0.00166667,0.82000000
2.10417795,0.00166667,0.82083333
2.09254575,0.00166667,0.82166667
2.09076166,0.00166667,0.82250000
2.09035254,0.00166667,0.82333333
2.08915663,0.00166667,0.82416667
2.08884406,0.00166667,0.82500000
2.08866405,0.00166667,0.82583333
2.08862805,0.00166667,0.82666667
2.08784747,0.00166667,0.82750000
2.07999253,0.00166667,0.82833333
2.07495379,0.00166667,0.82916667
2.07455659,0.00166667,0.83000000
2.06987906,0.00166667,0.83083333
2.06772637,0.00166667,0.83166667
2.06395483,0.00166667,0.83250000
2.06181097,0.00166667,0.83333333
2.05991030,0.00166667,0.83416667
2.05866838,0.00166667,0.83500000
2.05805326,0.00166667,0.83583333
2.05223513,0.00166667,0.83666667
2.05152082,0.00166667,0.83750000
2.05119038,0.00166667,0.83833333
2.04724026,0.00166667,0.83916667
2.04206705,0.00166667,0.84000000
2.04029131,0.00166667,0.84083333
2.03973079,0.00166667,0.84166667
2.03693938,0.00166667,0.84250000
2.03259444,0.00166667,0.84333333
2.02416968,0.00166667,0.84416667
2.02214694,0.00166667,0.84500000
2.01544809,0.00166667,0.84583333
2.01423049,0.00166667,0.84666667
2.00546050,0.00166667,0.84750000
2.00114012,0.00166667,0.84833333
1.99438596,0.00166667,0.84916667
1.98604774,0.00166667,0.85000000
1.97129035,0.00166667,0.85083333
1.95584857,0.00166667,0.85166667
1.93866515,0.00166667,0.85250000
1.92576098,0.00166667,0.85333333
1.92382085,0.00166667,0.85416667
1.91989350,0.00166667,0.85500000
1.91108966,0.00250000,0.85500000
1.90409982,0.00250000,0.85583333
1.89887655,0.00250000,0.85666667
1.89821780,0.00250000,0.85750000
1.89014518,0.00250000,0.85833333
1.88784039,0.00250000,0.85916667
1.88691235,0.00250000,0.86000000
1.88134658,0.00250000,0.86083333
1.88002992,0.00250000,0.86166667
1.86972928,0.00250000,0.86250000
1.85518289,0.00250000,0.86333333
1.85137916,0.00250000,0.86416667
1.85012138,0.00250000,0.86500000
1.84639716,0.00250000,0.86583333
1.84607470,0.00250000,0.86666667
1.83963144,0.00250000,0.86750000
1.82951045,0.00250000,0.86833333
1.81115687,0.00250000,0.86916667
1.80808568,0.00250000,0.87000000
1.80550158,0.00250000,0.87083333
1.80517828,0.00250000,0.87166667
1.80366170,0.00250000,0.87250000
1.80291963,0.00250000,0.87333333
1.79968488,0.00250000,0.87416667
1.79244339,0.00250000,0.87500000
1.78940833,0.00250000,0.87583333
1.77567422,0.00250000,0.87666667
1.73856413,0.00250000,0.87750000
1.73728168,0.00250000,0.87833333
1.72767544,0.00250000,0.87916667
1.72179770,0.00250000,0.88000000
1.71723688,0.00250000,0.88083333
1.69626331,0.00250000,0.88166667
1.69310153,0.00250000,0.88250000
1.68983388,0.00250000,0.88333333
1.68559325,0.00250000,0.88416667
1.65242863,0.00250000,0.88500000
1.63179338,0.00250000,0.88583333
1.61965978,0.00250000,0.88666667
1.61873901,0.00250000,0.88750000
1.60067451,0.00250000,0.88833333
1.56904721,0.00250000,0.88916667
1.55165744,0.00250000,0.89000000
1.54977405,0.00250000,0.89083333
1.54782891,0.00250000,0.89166667
1.54423058,0.00250000,0.89250000
1.52426839,0.00250000,0.89333333
1.50768352,0.00250000,0.89416667
1.47068489,0.00250000,0.89500000
1.45774543,0.00250000,0.89583333
1.45509458,0.00250000,0.89666667
1.43251646,0.00250000,0.89750000
1.41950667,0.00250000,0.89833333
1.39960849,0.00250000,0.89916667
1.38510859,0.00250000,0.90000000
1.38047302,0.00333333,0.90000000
1.37630498,0.00333333,0.90083333
1.37466991,0.00333333,0.90166667
1.36736369,0.00333333,0.90250000
1.35928798,0.00333333,0.90333333
1.33525252,0.00333333,0.90416667
1.33027518,0.00333333,0.90500000
1.32688272,0.00333333,0.90583333
1.32600296,0.00333333,0.90666667
1.32309890,0.00333333,0.90750000
1.31571877,0.00333333,0.90833333
1.31513870,0.00333333,0.90916667
1.30011344,0.00333333,0.91000000
1.29883564,0.00333333,0.91083333
1.29241979,0.00333333,0.91166667
1.26376414,0.00333333,0.91250000
1.25208390,0.00333333,0.91333333
1.24239373,0.00333333,0.91416667
1.23230147,0.00333333,0.91500000
1.22884548,0.00333333,0.91583333
1.22290444,0.00333333,0.91666667
1.21994984,0.00333333,0.91750000
1.21441567,0.00333333,0.91833333
1.21336377,0.00333333,0.91916667
1.21318841,0.00333333,0.92000000
1.20311427,0.00333333,0.92083333
1.19185996,0.00333333,0.92166667
1.18197179,0.00333333,0.92250000
1.16984546,0.00333333,0.92333333
1.16813636,0.00333333,0.92416667
1.16233885,0.00333333,0.92500000
1.16042244,0.00333333,0.92583333
1.15215909,0.00333333,0.92666667
1.15127790,0.00333333,0.92750000
1.14973330,0.00333333,0.92833333
1.13860834,0.00333333,0.92916667
1.12336552,0.00333333,0.93000000
1.09986484,0.00333333,0.93083333
1.09405720,0.00333333,0.93166667
1.08273911,0.00333333,0.93250000
1.07270479,0.00333333,0.93333333
1.05742395,0.00333333,0.93416667
1.04419398,0.00333333,0.93500000
1.01831412,0.00333333,0.93583333
1.00960124,0.00333333,0.93666667
1.00623202,0.00333333,0.93750000
0.99526346,0.00333333,0.93833333
0.97446209,0.00333333,0.93916667
0.96649826,0.00333333,0.94000000
0.96367848,0.00333333,0.94083333
0.95587957,0.00333333,0.94166667
0.95142424,0.00333333,0.94250000
0.94061673,0.00333333,0.94333333
0.93401515,0.00333333,0.94416667
0.92019004,0.00333333,0.94500000
0.91702265,0.00416667,0.94500000
0.90628558,0.00416667,0.94583333
0.90291780,0.00416667,0.94666667
0.89175123,0.00416667,0.94750000
0.88833851,0.00416667,0.94833333
0.88056719,0.00416667,0.94916667
0.87240267,0.00416667,0.95000000
0.87152141,0.00416667,0.95083333
0.87138987,0.00416667,0.95166667
0.86535752,0.00416667,0.95250000
0.86410648,0.00416667,0.95333333
0.86246347,0.00416667,0.95416667
0.85617554,0.00416667,0.95500000
0.85609132,0.00416667,0.95583333
0.85565501,0.00416667,0.95666667
0.85134137,0.00416667,0.95750000
0.84942567,0.00416667,0.95833333
0.84904659,0.00416667,0.95916667
0.84598923,0.00416667,0.96000000
0.84281933,0.00416667,0.96083333
0.84162766,0.00416667,0.96166667
0.83508021,0.00416667,0.96250000
0.83089668,0.00416667,0.96333333
0.82994652,0.00500000,0.96333333
0.82401645,0.00500000,0.96416667
0.82324594,0.00500000,0.96500000
0.81713027,0.00500000,0.96583333
0.81443983,0.00500000,0.96666667
0.81176955,0.00500000,0.96750000
0.79009521,0.00500000,0.96833333
0.78525692,0.00500000,0.96916667
0.77337027,0.00500000,0.97000000
0.75865513,0.00500000,0.97083333
0.73808420,0.00500000,0.97166667
0.73702532,0.00500000,0.97250000
0.73296243,0.00500000,0.97333333
0.69483471,0.00500000,0.97416667
0.69035167,0.00500000,0.97500000
0.65736109,0.00500000,0.97583333
0.64071506,0.00500000,0.97666667
0.63330752,0.00500000,0.97750000
0.62619942,0.00500000,0.97833333
0.61759484,0.00500000,0.97916667
0.59951675,0.00500000,0.98000000
0.58898789,0.00500000,0.98083333
0.53902763,0.00500000,0.98166667
0.53767353,0.00500000,0.98250000
0.53533328,0.00583333,0.98250000
0.53069955,0.00583333,0.98333333
0.52977520,0.00583333,0.98416667
0.51713341,0.00583333,0.98500000
0.51387006,0.00583333,0.98583333
0.47176534,0.00583333,0.98666667
0.45778677,0.00583333,0.98750000
0.43927017,0.00583333,0.98833333
0.43388921,0.00583333,0.98916667
0.41741195,0.00666667,0.98916667
0.38844767,0.00666667,0.99000000
0.38063413,0.00750000,0.99000000
0.38029343,0.00750000,0.99083333
0.37648445,0.00750000,0.99166667
0.36575073,0.00750000,0.99250000
0.35512373,0.00750000,0.99333333
0.34750623,0.00750000,0.99416667
0.32549027,0.00833333,0.99416667
0.30617163,0.00833333,0.99500000
0.28718671,0.00916667,0.99500000
0.28695506,0.00916667,0.99583333
0.28592569,0.00916667,0.99666667
0.25227517,0.01000000,0.99666667
0.22945324,0.01000000,0.99750000
0.22622223,0.01000000,0.99833333
0.22308393,0.01000000,0.99916667
0.22109164,0.01083333,0.99916667
0.19309561,0.01166667,0.99916667
0.16797717,0.01250000,0.99916667
0.14548282,0.01333333,0.99916667
0.14019179,0.01333333,1.00000000
0.12540093,0.01416667,1.00000000
0.10754846,0.01500000,1.00000000
0.09176646,0.01583333,1.00000000
0.07791562,0.01666667,1.00000000
0.07425989,0.01750000,1.00000000
0.06988735,0.01833333,1.00000000
0.06675100,0.01916667,1.00000000
0.06586379,0.02000000,1.00000000
0.06564303,0.02083333,1.00000000
0.06491844,0.02166667,1.00000000
0.06294604,0.02250000,1.00000000
0.06155450,0.02333333,1.00000000
0.06080610,0.02416667,1.00000000
0.05848169,0.02500000,1.00000000
0.05807519,0.02583333,1.00000000
0.05764605,0.02666667,1.00000000
0.05718517,0.02750000,1.00000000
0.05596607,0.02833333,1.00000000
0.05549122,0.02916667,1.00000000
0.05441655,0.03000000,1.00000000
0.05435878,0.03083333,1.00000000
0.05431329,0.03166667,1.00000000
0.05427537,0.03250000,1.00000000
0.05406189,0.03333333,1.00000000
0.05405043,0.03416667,1.00000000
0.05394184,0.03500000,1.00000000
0.05349191,0.03583333,1.00000000
0.05262103,0.03666667,1.00000000
0.05168110,0.03750000,1.00000000
0.05143040,0.03833333,1.00000000
0.05045863,0.03916667,1.00000000
0.05033777,0.04000000,1.00000000
0.04993808,0.04083333,1.00000000
0.04991140,0.04166667,1.00000000
0.04901844,0.04250000,1.00000000
0.04859486,0.04333333,1.00000000
0.04806555,0.04416667,1.00000000
0.04721764,0.04500000,1.00000000
0.04695977,0.04583333,1.00000000
0.04668712,0.04666667,1.00000000
0.04650870,0.04750000,1.00000000
0.04590945,0.04833333,1.00000000
0.04554284,0.04916667,1.00000000
0.04548642,0.05000000,1.00000000
0.04438705,0.05083333,1.00000000
0.04424043,0.05166667,1.00000000
0.04392290,0.05250000,1.00000000
0.04390154,0.05333333,1.00000000
0.04346924,0.05416667,1.00000000
0.04342190,0.05500000,1.00000000
0.04317186,0.05583333,1.00000000
0.04155603,0.05666667,1.00000000
0.04148432,0.05750000,1.00000000
0.04127987,0.05833333,1.00000000
0.04124061,0.05916667,1.00000000
0.04121646,0.06000000,1.00000000
0.04078790,0.06083333,1.00000000
0.04044356,0.06166667,1.00000000
0.03967288,0.06250000,1.00000000
0.03966903,0.06333333,1.00000000
0.03933829,0.06416667,1.00000000
0.03920368,0.06500000,1.00000000
0.03901780,0.06583333,1.00000000
0.03881342,0.06666667,1.00000000
0.03872653,0.06750000,1.00000000
0.03860942,0.06833333,1.00000000
0.03819180,0.06916667,1.00000000
0.03798926,0.07000000,1.00000000
0.03792233,0.07083333,1.00000000
0.03789319,0.07166667,1.00000000
0.03774470,0.07250000,1.00000000
0.03723988,0.07333333,1.00000000
0.03720639,0.07416667,1.00000000
0.03690797,0.07500000,1.00000000
0.03667653,0.07583333,1.00000000
0.03643560,0.07666667,1.00000000
0.03632587,0.07750000,1.00000000
0.03579795,0.07833333,1.00000000
0.03574251,0.07916667,1.00000000
0.03558277,0.08000000,1.00000000
0.03518017,0.08083333,1.00000000
0.03501605,0.08166667,1.00000000
0.03494713,0.08250000,1.00000000
0.03494173,0.08333333,1.00000000
0.03492926,0.08416667,1.00000000
0.03483943,0.08500000,1.00000000
0.03482334,0.08583333,1.00000000
0.03477461,0.08666667,1.00000000
0.03476143,0.08750000,1.00000000
0.03469586,0.08833333,1.00000000
0.03467235,0.08916667,1.00000000
0.03460753,0.09000000,1.00000000
0.03418214,0.09083333,1.00000000
0.03413728,0.09166667,1.00000000
0.03401346,0.09250000,1.00000000
0.03385630,0.09333333,1.00000000
0.03365986,0.09416667,1.00000000
0.03333861,0.09500000,1.00000000
0.03330020,0.09583333,1.00000000
0.03327532,0.09666667,1.00000000
0.03302434,0.09750000,1.00000000
0.03279899,0.09833333,1.00000000
0.03279587,0.09916667,1.00000000
0.03268192,0.10000000,1.00000000
0.03229575,0.10083333,1.00000000
0.03224641,0.10166667,1.00000000
0.03215509,0.10250000,1.00000000
0.03214398,0.10333333,1.00000000
0.03199793,0.10416667,1.00000000
0.03193224,0.10500000,1.00000000
0.03184983,0.10583333,1.00000000
0.03169735,0.10666667,1.00000000
0.03166887,0.10750000,1.00000000
0.03162619,0.10833333,1.00000000
0.03150233,0.10916667,1.00000000
0.03142538,0.11000000,1.00000000
0.03127298,0.11083333,1.00000000
0.03124321,0.11166667,1.00000000
0.03123378,0.11250000,1.00000000
0.03085398,0.11333333,1.00000000
0.03066182,0.11416667,1.00000000
0.03051400,0.11500000,1.00000000
0.03048880,0.11583333,1.00000000
0.03037770,0.11666667,1.00000000
0.03030658,0.11750000,1.00000000
0.03025319,0.11833333,1.00000000
0.03013704,0.11916667,1.00000000
0.03013428,0.12000000,1.00000000
0.03006151,0.12083333,1.00000000
0.03003616,0.12166667,1.00000000
0.02993314,0.12250000,1.00000000
0.02977456,0.12333333,1.00000000
0.02977355,0.12416667,1.00000000
0.02975934,0.12500000,1.00000000
0.02972696,0.12583333,1.00000000
0.02967299,0.12666667,1.00000000
0.02966982,0.12750000,1.00000000
0.02960659,0.12833333,1.00000000
0.02954118,0.12916667,1.00000000
0.02945653,0.13000000,1.00000000
0.02937825,0.13083333,1.00000000
0.02932562,0.13166667,1.00000000
0.02919112,0.13250000,1.00000000
0.02911792,0.13333333,1.00000000
0.02908391,0.13416667,1.00000000
0.02899476,0.13500000,1.00000000
0.02898732,0.13583333,1.00000000
0.02896789,0.13666667,1.00000000
0.02887562,0.13750000,1.00000000
0.02884855,0.13833333,1.00000000
0.02880062,0.13916667,1.00000000
0.02876802,0.14000000,1.00000000
0.02859576,0.14083333,1.00000000
0.02858323,0.14166667,1.00000000
0.02856174,0.14250000,1.00000000
0.02855064,0.14333333,1.00000000
0.02852332,0.14416667,1.00000000
0.02847221,0.14500000,1.00000000
0.02832722,0.14583333,1.00000000
0.02813794,0.14666667,1.00000000
0.02809854,0.14750000,1.00000000
0.02796607,0.14833333,1.00000000
0.02790739,0.14916667,1.00000000
0.02759098,0.15000000,1.00000000
0.02754916,0.15083333,1.00000000
0.02742352,0.15166667,1.00000000
0.02736760,0.15250000,1.00000000
0.02733658,0.15333333,1.00000000
0.02733594,0.15416667,1.00000000
0.02731773,0.15500000,1.00000000
0.02719849,0.15583333,1.00000000
0.02719387,0.15666667,1.00000000
0.02718041,0.15750000,1.00000000
0.02717019,0.15833333,1.00000000
0.02689306,0.15916667,1.00000000
0.02669413,0.16000000,1.00000000
0.02663763,0.16083333,1.00000000
0.02660228,0.16166667,1.00000000
0.02657529,0.16250000,1.00000000
0.02653898,0.16333333,1.00000000
0.02653203,0.16416667,1.00000000
0.02647992,0.16500000,1.00000000
0.02638148,0.16583333,1.00000000
0.02630873,0.16666667,1.00000000
0.02629812,0.16750000,1.00000000
0.02623811,0.16833333,1.00000000
0.02622136,0.16916667,1.00000000
0.02621179,0.17000000,1.00000000
0.02617782,0.17083333,1.00000000
0.02608884,0.17166667,1.00000000
0.02607659,0.17250000,1.00000000
0.02604991,0.17333333,1.00000000
0.02597879,0.17416667,1.00000000
0.02596328,0.17500000,1.00000000
0.02590387,0.17583333,1.00000000
0.02590197,0.17666667,1.00000000
0.02589614,0.17750000,1.00000000
0.02589557,0.17833333,1.00000000
0.02582937,0.17916667,1.00000000
0.02580905,0.18000000,1.00000000
0.02573039,0.18083333,1.00000000
0.02571189,0.18166667,1.00000000
0.02555540,0.18250000,1.00000000
0.02552785,0.18333333,1.00000000
0.02544035,0.18416667,1.00000000
0.02540627,0.18500000,1.00000000
0.02533948,0.18583333,1.00000000
0.02530615,0.18666667,1.00000000
0.02528586,0.18750000,1.00000000
0.02526804,0.18833333,1.00000000
0.02523749,0.18916667,1.00000000
0.02519721,0.19000000,1.00000000
0.02511598,0.19083333,1.00000000
0.02509348,0.19166667,1.00000000
0.02508263,0.19250000,1.00000000
0.02506211,0.19333333,1.00000000
0.02503520,0.19416667,1.00000000
0.02496971,0.19500000,1.00000000
0.02491778,0.19583333,1.00000000
0.02489752,0.19666667,1.00000000
0.02488005,0.19750000,1.00000000
0.02477682,0.19833333,1.00000000
0.02468085,0.19916667,1.00000000
0.02466817,0.20000000,1.00000000
0.02456789,0.20083333,1.00000000
0.02451811,0.20166667,1.00000000
0.02437999,0.20250000,1.00000000
0.02424997,0.20333333,1.00000000
0.02421623,0.20416667,1.00000000
0.02419756,0.20500000,1.00000000
0.02417089,0.20583333,1.00000000
0.02415401,0.20666667,1.00000000
0.02413086,0.20750000,1.00000000
0.02401870,0.20833333,1.00000000
0.02401226,0.20916667,1.00000000
0.02399008,0.21000000,1.00000000
0.02388462,0.21083333,1.00000000
0.02383837,0.21166667,1.00000000
0.02379235,0.21250000,1.00000000
0.02376865,0.21333333,1.00000000
0.02374202,0.21416667,1.00000000
0.02373113,0.21500000,1.00000000
0.02360892,0.21583333,1.00000000
0.02349669,0.21666667,1.00000000
0.02340484,0.21750000,1.00000000
0.02332880,0.21833333,1.00000000
0.02319217,0.21916667,1.00000000
0.02315917,0.22000000,1.00000000
0.02315703,0.22083333,1.00000000
0.02311447,0.22166667,1.00000000
0.02310712,0.22250000,1.00000000
0.02298207,0.22333333,1.00000000
0.02298037,0.22416667,1.00000000
0.02296657,0.22500000,1.00000000
0.02289051,0.22583333,1.00000000
0.02286988,0.22666667,1.00000000
0.02284584,0.22750000,1.00000000
0.02283794,0.22833333,1.00000000
0.02278347,0.22916667,1.00000000
0.02268336,0.23000000,1.00000000
0.02253710,0.23083333,1.00000000
0.02242269,0.23166667,1.00000000
0.02242068,0.23250000,1.00000000
0.02238970,0.23333333,1.00000000
0.02238425,0.23416667,1.00000000
0.02233306,0.23500000,1.00000000
0.02227460,0.23583333,1.00000000
0.02227117,0.23666667,1.00000000
0.02226496,0.23750000,1.00000000
0.02226198,0.23833333,1.00000000
0.02225331,0.23916667,1.00000000
0.02223057,0.24000000,1.00000000
0.02222876,0.24083333,1.00000000
0.02221625,0.24166667,1.00000000
0.02220871,0.24250000,1.00000000
0.02218979,0.24333333,1.00000000
0.02218925,0.24416667,1.00000000
0.02218812,0.24500000,1.00000000
0.02218623,0.24583333,1.00000000
0.02217641,0.24666667,1.00000000
0.02217543,0.24750000,1.00000000
0.02217309,0.24833333,1.00000000
0.02217164,0.24916667,1.00000000
0.02212143,0.25000000,1.00000000
0.02211413,0.25083333,1.00000000
0.02209811,0.25166667,1.00000000
0.02208450,0.25250000,1.00000000
0.02206068,0.25333333,1.00000000
0.02203308,0.25416667,1.00000000
0.02202281,0.25500000,1.00000000
0.02198720,0.25583333,1.00000000
0.02197385,0.25666667,1.00000000
0.02190770,0.25750000,1.00000000
0.02188754,0.25833333,1.00000000
0.02184448,0.25916667,1.00000000
0.02179594,0.26000000,1.00000000
0.02179099,0.26083333,1.00000000
0.02172731,0.26166667,1.00000000
0.02171488,0.26250000,1.00000000
0.02169910,0.26333333,1.00000000
0.02156275,0.26416667,1.00000000
0.02155391,0.26500000,1.00000000
0.02147822,0.26583333,1.00000000
0.02143698,0.26666667,1.00000000
0.02133397,0.26750000,1.00000000
0.02127408,0.26833333,1.00000000
0.02126314,0.26916667,1.00000000
0.02124198,0.27000000,1.00000000
0.02118762,0.27083333,1.00000000
0.02117314,0.27166667,1.00000000
0.02113376,0.27250000,1.00000000
0.02112576,0.27333333,1.00000000
0.02112236,0.27416667,1.00000000
0.02098642,0.27500000,1.00000000
0.02097541,0.27583333,1.00000000
0.02095954,0.27666667,1.00000000
0.02093133,0.27750000,1.00000000
0.02093091,0.27833333,1.00000000
0.02084396,0.27916667,1.00000000
0.02079336,0.28000000,1.00000000
0.02076635,0.28083333,1.00000000
0.02073949,0.28166667,1.00000000
0.02069825,0.28250000,1.00000000
0.02058437,0.28333333,1.00000000
0.02055596,0.28416667,1.00000000
0.02055590,0.28500000,1.00000000
0.02055177,0.28583333,1.00000000
0.02053206,0.28666667,1.00000000
0.02046877,0.28750000,1.00000000
0.02044483,0.28833333,1.00000000
0.02043734,0.28916667,1.00000000
0.02039531,0.29000000,1.00000000
0.02034918,0.29083333,1.00000000
0.02028352,0.29166667,1.00000000
0.02027771,0.29250000,1.00000000
0.02027394,0.29333333,1.00000000
0.02026867,0.29416667,1.00000000
0.02014065,0.29500000,1.00000000
0.02012664,0.29583333,1.00000000
0.02011987,0.29666667,1.00000000
0.02011378,0.29750000,1.00000000
0.02011211,0.29833333,1.00000000
0.02007655,0.29916667,1.00000000
0.02006736,0.30000000,1.00000000
0.02002422,0.30083333,1.00000000
0.02001752,0.30166667,1.00000000
0.02001057,0.30250000,1.00000000
0.01997777,0.30333333,1.00000000
0.01995875,0.30416667,1.00000000
0.01995532,0.30500000,1.00000000
0.01995140,0.30583333,1.00000000
0.01991952,0.30666667,1.00000000
0.01991312,0.30750000,1.00000000
0.01990086,0.30833333,1.00000000
0.01985457,0.30916667,1.00000000
0.01982651,0.31000000,1.00000000
0.01979803,0.31083333,1.00000000
0.01979018,0.31166667,1.00000000
0.01978544,0.31250000,1.00000000
0.01976099,0.31333333,1.00000000
0.01975369,0.31416667,1.00000000
0.01966844,0.31500000,1.00000000
0.01962174,0.31583333,1.00000000
0.01955570,0.31666667,1.00000000
0.01955369,0.31750000,1.00000000
0.01953245,0.31833333,1.00000000
0.01952654,0.31916667,1.00000000
0.01952162,0.32000000,1.00000000
0.01947479,0.32083333,1.00000000
0.01943102,0.32166667,1.00000000
0.01939805,0.32250000,1.00000000
0.01938266,0.32333333,1.00000000
0.01932374,0.32416667,1.00000000
0.01932117,0.32500000,1.00000000
0.01926072,0.32583333,1.00000000
0.01916167,0.32666667,1.00000000
0.01912693,0.32750000,1.00000000
0.01912310,0.32833333,1.00000000
0.01907675,0.32916667,1.00000000
0.01902647,0.33000000,1.00000000
0.01900429,0.33083333,1.00000000
0.01896201,0.33166667,1.00000000
0.01894552,0.33250000,1.00000000
0.01891726,0.33333333,1.00000000
0.01890791,0.33416667,1.00000000
0.01890337,0.33500000,1.00000000
0.01889467,0.33583333,1.00000000
0.01889029,0.33666667,1.00000000
0.01881316,0.33750000,1.00000000
0.01881178,0.33833333,1.00000000
0.01878506,0.33916667,1.00000000
0.01871589,0.34000000,1.00000000
0.01870183,0.34083333,1.00000000
0.01864136,0.34166667,1.00000000
0.01863651,0.34250000,1.00000000
0.01862320,0.34333333,1.00000000
0.01861471,0.34416667,1.00000000
0.01861181,0.34500000,1.00000000
0.01858024,0.34583333,1.00000000
0.01852309,0.34666667,1.00000000
0.01849785,0.34750000,1.00000000
0.01847588,0.34833333,1.00000000
0.01843978,0.34916667,1.00000000
0.01837998,0.35000000,1.00000000
0.01830703,0.35083333,1.00000000
0.01830304,0.35166667,1.00000000
0.01827088,0.35250000,1.00000000
0.01824174,0.35333333,1.00000000
0.01822075,0.35416667,1.00000000
0.01818716,0.35500000,1.00000000
0.01817567,0.35583333,1.00000000
0.01816562,0.35666667,1.00000000
0.01816020,0.35750000,1.00000000
0.01814860,0.35833333,1.00000000
0.01811170,0.35916667,1.00000000
0.01809584,0.36000000,1.00000000
0.01803642,0.36083333,1.00000000
0.01798767,0.36166667,1.00000000
0.01797359,0.36250000,1.00000000
0.01793271,0.36333333,1.00000000
0.01791474,0.36416667,1.00000000
0.01784854,0.36500000,1.00000000
0.01779568,0.36583333,1.00000000
0.01777912,0.36666667,1.00000000
0.01774672,0.36750000,1.00000000
0.01772069,0.36833333,1.00000000
0.01769943,0.36916667,1.00000000
0.01767055,0.37000000,1.00000000
0.01762290,0.37083333,1.00000000
0.01758509,0.37166667,1.00000000
0.01752929,0.37250000,1.00000000
0.01745992,0.37333333,1.00000000
0.01743184,0.37416667,1.00000000
0.01740499,0.37500000,1.00000000
0.01736007,0.37583333,1.00000000
0.01724367,0.37666667,1.00000000
0.01719113,0.37750000,1.00000000
0.01718675,0.37833333,1.00000000
0.01718607,0.37916667,1.00000000
0.01716903,0.38000000,1.00000000
0.01708562,0.38083333,1.00000000
0.01708167,0.38166667,1.00000000
0.01707448,0.38250000,1.00000000
0.01701148,0.38333333,1.00000000
0.01700529,0.38416667,1.00000000
0.01700382,0.38500000,1.00000000
0.01698443,0.38583333,1.00000000
0.01695471,0.38666667,1.00000000
0.01692955,0.38750000,1.00000000
0.01692383,0.38833333,1.00000000
0.01691237,0.38916667,1.00000000
0.01686619,0.39000000,1.00000000
0.01686610,0.39083333,1.00000000
0.01685318,0.39166667,1.00000000
0.01680005,0.39250000,1.00000000
0.01675731,0.39333333,1.00000000
0.01675650,0.39416667,1.00000000
0.01671292,0.39500000,1.00000000
0.01670516,0.39583333,1.00000000
0.01657738,0.39666667,1.00000000
0.01657362,0.39750000,1.00000000
0.01654756,0.39833333,1.00000000
0.01653828,0.39916667,1.00000000
0.01649992,0.40000000,1.00000000
0.01646767,0.40083333,1.00000000
0.01645444,0.40166667,1.00000000
0.01641415,0.40250000,1.00000000
0.01641013,0.40333333,1.00000000
0.01638823,0.40416667,1.00000000
0.01636922,0.40500000,1.00000000
0.01635500,0.40583333,1.00000000
0.01624359,0.40666667,1.00000000
0.01616026,0.40750000,1.00000000
0.01615360,0.40833333,1.00000000
0.01613937,0.40916667,1.00000000
0.01612173,0.41000000,1.00000000
0.01611122,0.41083333,1.00000000
0.01606134,0.41166667,1.00000000
0.01598234,0.41250000,1.00000000
0.01591311,0.41333333,1.00000000
0.01586230,0.41416667,1.00000000
0.01585631,0.41500000,1.00000000
0.01582508,0.41583333,1.00000000
0.01581285,0.41666667,1.00000000
0.01580980,0.41750000,1.00000000
0.01573314,0.41833333,1.00000000
0.01571085,0.41916667,1.00000000
0.01569622,0.42000000,1.00000000
0.01566031,0.42083333,1.00000000
0.01565998,0.42166667,1.00000000
0.01565762,0.42250000,1.00000000
0.01565195,0.42333333,1.00000000
0.01564450,0.42416667,1.00000000
0.01562221,0.42500000,1.00000000
0.01558398,0.42583333,1.00000000
0.01556409,0.42666667,1.00000000
0.01549040,0.42750000,1.00000000
0.01541591,0.42833333,1.00000000
0.01540040,0.42916667,1.00000000
0.01534293,0.43000000,1.00000000
0.01531444,0.43083333,1.00000000
0.01528428,0.43166667,1.00000000
0.01528141,0.43250000,1.00000000
0.01525724,0.43333333,1.00000000
0.01520170,0.43416667,1.00000000
0.01517675,0.43500000,1.00000000
0.01514825,0.43583333,1.00000000
0.01510923,0.43666667,1.00000000
0.01510379,0.43750000,1.00000000
0.01500920,0.43833333,1.00000000
0.01494725,0.43916667,1.00000000
0.01489854,0.44000000,1.00000000
0.01489288,0.44083333,1.00000000
0.01480232,0.44166667,1.00000000
0.01479075,0.44250000,1.00000000
0.01477748,0.44333333,1.00000000
0.01475331,0.44416667,1.00000000
0.01475057,0.44500000,1.00000000
0.01473818,0.44583333,1.00000000
0.01473630,0.44666667,1.00000000
0.01472480,0.44750000,1.00000000
0.01471011,0.44833333,1.00000000
0.01465929,0.44916667,1.00000000
0.01460472,0.45000000,1.00000000
0.01459285,0.45083333,1.00000000
0.01458440,0.45166667,1.00000000
0.01456220,0.45250000,1.00000000
0.01455222,0.45333333,1.00000000
0.01453499,0.45416667,1.00000000
0.01452962,0.45500000,1.00000000
0.01450128,0.45583333,1.00000000
0.01446593,0.45666667,1.00000000
0.01443787,0.45750000,1.00000000
0.01438631,0.45833333,1.00000000
0.01433642,0.45916667,1.00000000
0.01429104,0.46000000,1.00000000
0.01428614,0.46083333,1.00000000
0.01425850,0.46166667,1.00000000
0.01423197,0.46250000,1.00000000
0.01422454,0.46333333,1.00000000
0.01419201,0.46416667,1.00000000
0.01419131,0.46500000,1.00000000
0.01414598,0.46583333,1.00000000
0.01405342,0.46666667,1.00000000
0.01404511,0.46750000,1.00000000
0.01402168,0.46833333,1.00000000
0.01398975,0.46916667,1.00000000
0.01398572,0.47000000,1.00000000
0.01398207,0.47083333,1.00000000
0.01397146,0.47166667,1.00000000
0.01396895,0.47250000,1.00000000
0.01394677,0.47333333,1.00000000
0.01394380,0.47416667,1.00000000
0.01393232,0.47500000,1.00000000
0.01386927,0.47583333,1.00000000
0.01386151,0.47666667,1.00000000
0.01385932,0.47750000,1.00000000
0.01385848,0.47833333,1.00000000
0.01385616,0.47916667,1.00000000
0.01385397,0.48000000,1.00000000
0.01381821,0.48083333,1.00000000
0.01381181,0.48166667,1.00000000
0.01380969,0.48250000,1.00000000
0.01380762,0.48333333,1.00000000
0.01380737,0.48416667,1.00000000
0.01379838,0.48500000,1.00000000
0.01375935,0.48583333,1.00000000
0.01375836,0.48666667,1.00000000
0.01374196,0.48750000,1.00000000
0.01372794,0.48833333,1.00000000
0.01369187,0.48916667,1.00000000
0.01368399,0.49000000,1.00000000
0.01365589,0.49083333,1.00000000
0.01364080,0.49166667,1.00000000
0.01361345,0.49250000,1.00000000
0.01361330,0.49333333,1.00000000
0.01359950,0.49416667,1.00000000
0.01359720,0.49500000,1.00000000
0.01358010,0.49583333,1.00000000
0.01357141,0.49666667,1.00000000
0.01354108,0.49750000,1.00000000
0.01351427,0.49833333,1.00000000
0.01350425,0.49916667,1.00000000
0.01349869,0.50000000,1.00000000
0.01347478,0.50083333,1.00000000
0.01346403,0.50166667,1.00000000
0.01346315,0.50250000,1.00000000
0.01345774,0.50333333,1.00000000
0.01345275,0.50416667,1.00000000
0.01341060,0.50500000,1.00000000
0.01340593,0.50583333,1.00000000
0.01340075,0.50666667,1.00000000
0.01338625,0.50750000,1.00000000
0.01338141,0.50833333,1.00000000
0.01336309,0.50916667,1.00000000
0.01336070,0.51000000,1.00000000
0.01335237,0.51083333,1.00000000
0.01332265,0.51166667,1.00000000
0.01330702,0.51250000,1.00000000
0.01330673,0.51333333,1.00000000
0.01329954,0.51416667,1.00000000
0.01327725,0.51500000,1.00000000
0.01327190,0.51583333,1.00000000
0.01325832,0.51666667,1.00000000
0.01324623,0.51750000,1.00000000
0.01321911,0.51833333,1.00000000
0.01320587,0.51916667,1.00000000
0.01319231,0.52000000,1.00000000
0.01318988,0.52083333,1.00000000
0.01318822,0.52166667,1.00000000
0.01318292,0.52250000,1.00000000
0.01316124,0.52333333,1.00000000
0.01315558,0.52416667,1.00000000
0.01315481,0.52500000,1.00000000
0.01315310,0.52583333,1.00000000
0.01314852,0.52666667,1.00000000
0.01310269,0.52750000,1.00000000
0.01310155,0.52833333,1.00000000
0.01309892,0.52916667,1.00000000
0.01309781,0.53000000,1.00000000
0.01307331,0.53083333,1.00000000
0.01305646,0.53166667,1.00000000
0.01300887,0.53250000,1.00000000
0.01299163,0.53333333,1.00000000
0.01298942,0.53416667,1.00000000
0.01298153,0.53500000,1.00000000
0.01294842,0.53583333,1.00000000
0.01293303,0.53666667,1.00000000
0.01293158,0.53750000,1.00000000
0.01292706,0.53833333,1.00000000
0.01288974,0.53916667,1.00000000
0.01287139,0.54000000,1.00000000
0.01286646,0.54083333,1.00000000
0.01283900,0.54166667,1.00000000
0.01281876,0.54250000,1.00000000
0.01280841,0.54333333,1.00000000
0.01280408,0.54416667,1.00000000
0.01280201,0.54500000,1.00000000
0.01279771,0.54583333,1.00000000
0.01276695,0.54666667,1.00000000
0.01276059,0.54750000,1.00000000
0.01275417,0.54833333,1.00000000
0.01272582,0.54916667,1.00000000
0.01269950,0.55000000,1.00000000
0.01267550,0.55083333,1.00000000
0.01264127,0.55166667,1.00000000
0.01260257,0.55250000,1.00000000
0.01259851,0.55333333,1.00000000
0.01257721,0.55416667,1.00000000
0.01256912,0.55500000,1.00000000
0.01255937,0.55583333,1.00000000
0.01251708,0.55666667,1.00000000
0.01251640,0.55750000,1.00000000
0.01250539,0.55833333,1.00000000
0.01248714,0.55916667,1.00000000
0.01248010,0.56000000,1.00000000
0.01245756,0.56083333,1.00000000
0.01244654,0.56166667,1.00000000
0.01244176,0.56250000,1.00000000
0.01242375,0.56333333,1.00000000
0.01240000,0.56416667,1.00000000
0.01237965,0.56500000,1.00000000
0.01237942,0.56583333,1.00000000
0.01235879,0.56666667,1.00000000
0.01235372,0.56750000,1.00000000
0.01234451,0.56833333,1.00000000
0.01233174,0.56916667,1.00000000
0.01232993,0.57000000,1.00000000
0.01232406,0.57083333,1.00000000
0.01227687,0.57166667,1.00000000
0.01222998,0.57250000,1.00000000
0.01222915,0.57333333,1.00000000
0.01222393,0.57416667,1.00000000
0.01220230,0.57500000,1.00000000
0.01219203,0.57583333,1.00000000
0.01215561,0.57666667,1.00000000
0.01215463,0.57750000,1.00000000
0.01211627,0.57833333,1.00000000
0.01211620,0.57916667,1.00000000
0.01209852,0.58000000,1.00000000
0.01208566,0.58083333,1.00000000
0.01207331,0.58166667,1.00000000
0.01206538,0.58250000,1.00000000
0.01206010,0.58333333,1.00000000
0.01205714,0.58416667,1.00000000
0.01199341,0.58500000,1.00000000
0.01197719,0.58583333,1.00000000
0.01195922,0.58666667,1.00000000
0.01195019,0.58750000,1.00000000
0.01191722,0.58833333,1.00000000
0.01190335,0.58916667,1.00000000
0.01189534,0.59000000,1.00000000
0.01188625,0.59083333,1.00000000
0.01186342,0.59166667,1.00000000
0.01186341,0.59250000,1.00000000
0.01186194,0.59333333,1.00000000
0.01183226,0.59416667,1.00000000
0.01182119,0.59500000,1.00000000
0.01181766,0.59583333,1.00000000
0.01179502,0.59666667,1.00000000
0.01179248,0.59750000,1.00000000
0.01176500,0.59833333,1.00000000
0.01176256,0.59916667,1.00000000
0.01175878,0.60000000,1.00000000
0.01175509,0.60083333,1.00000000
0.01174608,0.60166667,1.00000000
0.01174373,0.60250000,1.00000000
0.01173688,0.60333333,1.00000000
0.01172395,0.60416667,1.00000000
0.01170722,0.60500000,1.00000000
0.01169757,0.60583333,1.00000000
0.01165587,0.60666667,1.00000000
0.01163978,0.60750000,1.00000000
0.01163894,0.60833333,1.00000000
0.01163875,0.60916667,1.00000000
0.01158105,0.61000000,1.00000000
0.01156543,0.61083333,1.00000000
0.01153708,0.61166667,1.00000000
0.01150415,0.61250000,1.00000000
0.01147517,0.61333333,1.00000000
0.01147197,0.61416667,1.00000000
0.01146907,0.61500000,1.00000000
0.01143536,0.61583333,1.00000000
0.01142760,0.61666667,1.00000000
0.01141517,0.61750000,1.00000000
0.01141316,0.61833333,1.00000000
0.01139213,0.61916667,1.00000000
0.01136264,0.62000000,1.00000000
0.01129162,0.62083333,1.00000000
0.01129062,0.62166667,1.00000000
0.01127811,0.62250000,1.00000000
0.01122769,0.62333333,1.00000000
0.01121824,0.62416667,1.00000000
0.01121491,0.62500000,1.00000000
0.01120976,0.62583333,1.00000000
0.01118389,0.62666667,1.00000000
0.01118242,0.62750000,1.00000000
0.01116187,0.62833333,1.00000000
0.01114867,0.62916667,1.00000000
0.01112902,0.63000000,1.00000000
0.01111347,0.63083333,1.00000000
0.01107483,0.63166667,1.00000000
0.01104549,0.63250000,1.00000000
0.01102934,0.63333333,1.00000000
0.01102723,0.63416667,1.00000000
0.01101272,0.63500000,1.00000000
0.01099759,0.63583333,1.00000000
0.01098729,0.63666667,1.00000000
0.01098663,0.63750000,1.00000000
0.01094342,0.63833333,1.00000000
0.01088519,0.63916667,1.00000000
0.01087253,0.64000000,1.00000000
0.01084293,0.64083333,1.00000000
0.01077009,0.64166667,1.00000000
0.01075315,0.64250000,1.00000000
0.01074372,0.64333333,1.00000000
0.01073988,0.64416667,1.00000000
0.01070549,0.64500000,1.00000000
0.01067086,0.64583333,1.00000000
0.01066920,0.64666667,1.00000000
0.01064172,0.64750000,1.00000000
0.01063254,0.64833333,1.00000000
0.01061882,0.64916667,1.00000000
0.01061612,0.65000000,1.00000000
0.01061589,0.65083333,1.00000000
0.01061315,0.65166667,1.00000000
0.01060189,0.65250000,1.00000000
0.01058543,0.65333333,1.00000000
0.01055973,0.65416667,1.00000000
0.01055883,0.65500000,1.00000000
0.01055097,0.65583333,1.00000000
0.01054893,0.65666667,1.00000000
0.01052149,0.65750000,1.00000000
0.01049492,0.65833333,1.00000000
0.01048239,0.65916667,1.00000000
0.01047908,0.66000000,1.00000000
0.01046452,0.66083333,1.00000000
0.01045962,0.66166667,1.00000000
0.01044676,0.66250000,1.00000000
0.01044278,0.66333333,1.00000000
0.01035385,0.66416667,1.00000000
0.01022933,0.66500000,1.00000000
0.01014748,0.66583333,1.00000000
0.01014711,0.66666667,1.00000000
0.01006567,0.66750000,1.00000000
0.00999208,0.66833333,1.00000000
0.00997589,0.66916667,1.00000000
0.00996539,0.67000000,1.00000000
0.00996426,0.67083333,1.00000000
0.00985594,0.67166667,1.00000000
0.00977788,0.67250000,1.00000000
0.00976665,0.67333333,1.00000000
0.00973763,0.67416667,1.00000000
0.00970927,0.67500000,1.00000000
0.00969731,0.67583333,1.00000000
0.00968141,0.67666667,1.00000000
0.00967515,0.67750000,1.00000000
0.00967434,0.67833333,1.00000000
0.00965660,0.67916667,1.00000000
0.00961828,0.68000000,1.00000000
0.00961504,0.68083333,1.00000000
0.00958463,0.68166667,1.00000000
0.00950557,0.68250000,1.00000000
0.00949957,0.68333333,1.00000000
0.00948173,0.68416667,1.00000000
0.00946535,0.68500000,1.00000000
0.00943601,0.68583333,1.00000000
0.00942407,0.68666667,1.00000000
0.00938312,0.68750000,1.00000000
0.00937275,0.68833333,1.00000000
0.00935152,0.68916667,1.00000000
0.00934764,0.69000000,1.00000000
0.00934055,0.69083333,1.00000000
0.00929998,0.69166667,1.00000000
0.00929703,0.69250000,1.00000000
0.00928308,0.69333333,1.00000000
0.00921771,0.69416667,1.00000000
0.00919931,0.69500000,1.00000000
0.00919834,0.69583333,1.00000000
0.00918367,0.69666667,1.00000000
0.00918307,0.69750000,1.00000000
0.00915022,0.69833333,1.00000000
0.00909274,0.69916667,1.00000000
0.00908686,0.70000000,1.00000000
0.00904412,0.70083333,1.00000000
0.00902791,0.70166667,1.00000000
0.00902537,0.70250000,1.00000000
0.00902121,0.70333333,1.00000000
0.00897155,0.70416667,1.00000000
0.00896429,0.70500000,1.00000000
0.00896317,0.70583333,1.00000000
0.00896079,0.70666667,1.00000000
0.00894449,0.70750000,1.00000000
0.00892566,0.70833333,1.00000000
0.00891852,0.70916667,1.00000000
0.00891607,0.71000000,1.00000000
0.00887389,0.71083333,1.00000000
0.00887088,0.71166667,1.00000000
0.00886321,0.71250000,1.00000000
0.00885730,0.71333333,1.00000000
0.00884963,0.71416667,1.00000000
0.00884206,0.71500000,1.00000000
0.00882919,0.71583333,1.00000000
0.00882282,0.71666667,1.00000000
0.00880369,0.71750000,1.00000000
0.00877618,0.71833333,1.00000000
0.00877375,0.71916667,1.00000000
0.00873924,0.72000000,1.00000000
0.00872972,0.72083333,1.00000000
0.00872658,0.72166667,1.00000000
0.00865542,0.72250000,1.00000000
0.00863086,0.72333333,1.00000000
0.00863035,0.72416667,1.00000000
0.00862311,0.72500000,1.00000000
0.00862013,0.72583333,1.00000000
0.00858729,0.72666667,1.00000000
0.00856446,0.72750000,1.00000000
0.00855022,0.72833333,1.00000000
0.00854401,0.72916667,1.00000000
0.00854008,0.73000000,1.00000000
0.00853363,0.73083333,1.00000000
0.00852446,0.73166667,1.00000000
0.00851092,0.73250000,1.00000000
0.00851014,0.73333333,1.00000000
0.00849193,0.73416667,1.00000000
0.00848101,0.73500000,1.00000000
0.00843842,0.73583333,1.00000000
0.00843809,0.73666667,1.00000000
0.00843464,0.73750000,1.00000000
0.00840268,0.73833333,1.00000000
0.00838741,0.73916667,1.00000000
0.00838415,0.74000000,1.00000000
0.00835273,0.74083333,1.00000000
0.00829007,0.74166667,1.00000000
0.00828940,0.74250000,1.00000000
0.00826691,0.74333333,1.00000000
0.00826143,0.74416667,1.00000000
0.00823871,0.74500000,1.00000000
0.00823638,0.74583333,1.00000000
0.00823460,0.74666667,1.00000000
0.00821433,0.74750000,1.00000000
0.00818754,0.74833333,1.00000000
0.00813489,0.74916667,1.00000000
0.00813216,0.75000000,1.00000000
0.00811536,0.75083333,1.00000000
0.00810545,0.75166667,1.00000000
0.00807415,0.75250000,1.00000000
0.00805745,0.75333333,1.00000000
0.00804238,0.75416667,1.00000000
0.00803490,0.75500000,1.00000000
0.00803376,0.75583333,1.00000000
0.00800985,0.75666667,1.00000000
0.00800853,0.75750000,1.00000000
0.00800737,0.75833333,1.00000000
0.00798947,0.75916667,1.00000000
0.00793339,0.76000000,1.00000000
0.00792797,0.76083333,1.00000000
0.00786930,0.76166667,1.00000000
0.00785939,0.76250000,1.00000000
0.00780026,0.76333333,1.00000000
0.00778830,0.76416667,1.00000000
0.00778259,0.76500000,1.00000000
0.00776026,0.76583333,1.00000000
0.00775359,0.76666667,1.00000000
0.00772354,0.76750000,1.00000000
0.00771539,0.76833333,1.00000000
0.00770863,0.76916667,1.00000000
0.00770314,0.77000000,1.00000000
0.00769793,0.77083333,1.00000000
0.00769247,0.77166667,1.00000000
0.00764661,0.77250000,1.00000000
0.00764203,0.77333333,1.00000000
0.00763691,0.77416667,1.00000000
0.00763332,0.77500000,1.00000000
0.00763265,0.77583333,1.00000000
0.00761605,0.77666667,1.00000000
0.00761568,0.77750000,1.00000000
0.00757096,0.77833333,1.00000000
0.00756904,0.77916667,1.00000000
0.00756605,0.78000000,1.00000000
0.00752332,0.78083333,1.00000000
0.00751035,0.78166667,1.00000000
0.00750750,0.78250000,1.00000000
0.00747352,0.78333333,1.00000000
0.00746959,0.78416667,1.00000000
0.00746835,0.78500000,1.00000000
0.00746790,0.78583333,1.00000000
0.00746251,0.78666667,1.00000000
0.00745666,0.78750000,1.00000000
0.00743168,0.78833333,1.00000000
0.00743094,0.78916667,1.00000000
0.00742701,0.79000000,1.00000000
0.00740886,0.79083333,1.00000000
0.00740815,0.79166667,1.00000000
0.00740709,0.79250000,1.00000000
0.00740551,0.79333333,1.00000000
0.00738796,0.79416667,1.00000000
0.00737337,0.79500000,1.00000000
0.00732367,0.79583333,1.00000000
0.00731186,0.79666667,1.00000000
0.00723603,0.79750000,1.00000000
0.00718236,0.79833333,1.00000000
0.00715769,0.79916667,1.00000000
0.00712281,0.80000000,1.00000000
0.00711970,0.80083333,1.00000000
0.00711776,0.80166667,1.00000000
0.00699882,0.80250000,1.00000000
0.00696637,0.80333333,1.00000000
0.00689995,0.80416667,1.00000000
0.00689801,0.80500000,1.00000000
0.00689688,0.80583333,1.00000000
0.00689617,0.80666667,1.00000000
0.00688081,0.80750000,1.00000000
0.00684321,0.80833333,1.00000000
0.00683582,0.80916667,1.00000000
0.00682297,0.81000000,1.00000000
0.00679048,0.81083333,1.00000000
0.00678195,0.81166667,1.00000000
0.00674354,0.81250000,1.00000000
0.00674138,0.81333333,1.00000000
0.00668160,0.81416667,1.00000000
0.00667911,0.81500000,1.00000000
0.00666037,0.81583333,1.00000000
0.00665273,0.81666667,1.00000000
0.00663535,0.81750000,1.00000000
0.00662671,0.81833333,1.00000000
0.00656485,0.81916667,1.00000000
0.00653633,0.82000000,1.00000000
0.00651379,0.82083333,1.00000000
0.00649846,0.82166667,1.00000000
0.00648336,0.82250000,1.00000000
0.00647159,0.82333333,1.00000000
0.00646577,0.82416667,1.00000000
0.00644871,0.82500000,1.00000000
0.00644242,0.82583333,1.00000000
0.00643358,0.82666667,1.00000000
0.00642984,0.82750000,1.00000000
0.00640871,0.82833333,1.00000000
0.00639949,0.82916667,1.00000000
0.00639361,0.83000000,1.00000000
0.00638968,0.83083333,1.00000000
0.00634241,0.83166667,1.00000000
0.00632856,0.83250000,1.00000000
0.00631828,0.83333333,1.00000000
0.00631750,0.83416667,1.00000000
0.00630976,0.83500000,1.00000000
0.00630928,0.83583333,1.00000000
0.00629678,0.83666667,1.00000000
0.00629026,0.83750000,1.00000000
0.00627828,0.83833333,1.00000000
0.00627296,0.83916667,1.00000000
0.00626950,0.84000000,1.00000000
0.00626117,0.84083333,1.00000000
0.00625383,0.84166667,1.00000000
0.00624684,0.84250000,1.00000000
0.00624152,0.84333333,1.00000000
0.00624056,0.84416667,1.00000000
0.00623804,0.84500000,1.00000000
0.00623223,0.84583333,1.00000000
0.00622838,0.84666667,1.00000000
0.00622808,0.84750000,1.00000000
0.00622480,0.84833333,1.00000000
0.00620504,0.84916667,1.00000000
0.00619623,0.85000000,1.00000000
0.00619458,0.85083333,1.00000000
0.00618633,0.85166667,1.00000000
0.00617148,0.85250000,1.00000000
0.00614400,0.85333333,1.00000000
0.00613971,0.85416667,1.00000000
0.00612955,0.85500000,1.00000000
0.00611386,0.85583333,1.00000000
0.00610312,0.85666667,1.00000000
0.00609780,0.85750000,1.00000000
0.00605666,0.85833333,1.00000000
0.00604800,0.85916667,1.00000000
0.00604362,0.86000000,1.00000000
0.00602953,0.86083333,1.00000000
0.00602323,0.86166667,1.00000000
0.00601268,0.86250000,1.00000000
0.00601171,0.86333333,1.00000000
0.00597158,0.86416667,1.00000000
0.00596256,0.86500000,1.00000000
0.00590328,0.86583333,1.00000000
0.00590070,0.86666667,1.00000000
0.00589994,0.86750000,1.00000000
0.00588702,0.86833333,1.00000000
0.00587085,0.86916667,1.00000000
0.00583747,0.87000000,1.00000000
0.00583496,0.87083333,1.00000000
0.00583265,0.87166667,1.00000000
0.00582924,0.87250000,1.00000000
0.00579518,0.87333333,1.00000000
0.00578563,0.87416667,1.00000000
0.00578514,0.87500000,1.00000000
0.00577940,0.87583333,1.00000000
0.00574852,0.87666667,1.00000000
0.00572672,0.87750000,1.00000000
0.00572056,0.87833333,1.00000000
0.00569784,0.87916667,1.00000000
0.00569139,0.88000000,1.00000000
0.00564979,0.88083333,1.00000000
0.00564349,0.88166667,1.00000000
0.00561160,0.88250000,1.00000000
0.00554021,0.88333333,1.00000000
0.00553566,0.88416667,1.00000000
0.00552652,0.88500000,1.00000000
0.00549331,0.88583333,1.00000000
0.00546953,0.88666667,1.00000000
0.00546651,0.88750000,1.00000000
0.00546517,0.88833333,1.00000000
0.00544321,0.88916667,1.00000000
0.00543454,0.89000000,1.00000000
0.00540618,0.89083333,1.00000000
0.00539206,0.89166667,1.00000000
0.00535629,0.89250000,1.00000000
0.00529755,0.89333333,1.00000000
0.00528398,0.89416667,1.00000000
0.00526185,0.89500000,1.00000000
0.00523156,0.89583333,1.00000000
0.00522159,0.89666667,1.00000000
0.00520923,0.89750000,1.00000000
0.00516924,0.89833333,1.00000000
0.00514047,0.89916667,1.00000000
0.00513291,0.90000000,1.00000000
0.00511464,0.90083333,1.00000000
0.00510404,0.90166667,1.00000000
0.00506031,0.90250000,1.00000000
0.00505200,0.90333333,1.00000000
0.00501483,0.90416667,1.00000000
0.00499769,0.90500000,1.00000000
0.00499653,0.90583333,1.00000000
0.00498376,0.90666667,1.00000000
0.00494247,0.90750000,1.00000000
0.00493460,0.90833333,1.00000000
0.00492810,0.90916667,1.00000000
0.00492320,0.91000000,1.00000000
0.00492101,0.91083333,1.00000000
0.00488769,0.91166667,1.00000000
0.00488697,0.91250000,1.00000000
0.00486835,0.91333333,1.00000000
0.00485448,0.91416667,1.00000000
0.00485243,0.91500000,1.00000000
0.00483332,0.91583333,1.00000000
0.00481970,0.91666667,1.00000000
0.00481791,0.91750000,1.00000000
0.00480450,0.91833333,1.00000000
0.00478551,0.91916667,1.00000000
0.00476898,0.92000000,1.00000000
0.00475891,0.92083333,1.00000000
0.00475606,0.92166667,1.00000000
0.00474496,0.92250000,1.00000000
0.00474159,0.92333333,1.00000000
0.00473820,0.92416667,1.00000000
0.00472886,0.92500000,1.00000000
0.00472659,0.92583333,1.00000000
0.00471852,0.92666667,1.00000000
0.00471209,0.92750000,1.00000000
0.00471016,0.92833333,1.00000000
0.00470736,0.92916667,1.00000000
0.00470646,0.93000000,1.00000000
0.00470213,0.93083333,1.00000000
0.00470062,0.93166667,1.00000000
0.00469652,0.93250000,1.00000000
0.00469314,0.93333333,1.00000000
0.00469114,0.93416667,1.00000000
0.00468904,0.93500000,1.00000000
0.00468561,0.93583333,1.00000000
0.00468076,0.93666667,1.00000000
0.00468029,0.93750000,1.00000000
0.00467827,0.93833333,1.00000000
0.00467132,0.93916667,1.00000000
0.00463338,0.94000000,1.00000000
0.00462705,0.94083333,1.00000000
0.00461375,0.94166667,1.00000000
0.00460839,0.94250000,1.00000000
0.00457555,0.94333333,1.00000000
0.00457537,0.94416667,1.00000000
0.00457158,0.94500000,1.00000000
0.00457040,0.94583333,1.00000000
0.00456987,0.94666667,1.00000000
0.00456496,0.94750000,1.00000000
0.00448195,0.94833333,1.00000000
0.00447935,0.94916667,1.00000000
0.00439133,0.95000000,1.00000000
0.00438477,0.95083333,1.00000000
0.00438215,0.95166667,1.00000000
0.00438106,0.95250000,1.00000000
0.00428781,0.95333333,1.00000000
0.00425158,0.95416667,1.00000000
0.00419980,0.95500000,1.00000000
0.00417283,0.95583333,1.00000000
0.00416647,0.95666667,1.00000000
0.00412799,0.95750000,1.00000000
0.00412175,0.95833333,1.00000000
0.00411043,0.95916667,1.00000000
0.00409324,0.96000000,1.00000000
0.00404592,0.96083333,1.00000000
0.00403184,0.96166667,1.00000000
0.00402131,0.96250000,1.00000000
0.00400003,0.96333333,1.00000000
0.00396874,0.96416667,1.00000000
0.00394618,0.96500000,1.00000000
0.00394304,0.96583333,1.00000000
0.00390001,0.96666667,1.00000000
0.00385435,0.96750000,1.00000000
0.00385323,0.96833333,1.00000000
0.00384138,0.96916667,1.00000000
0.00370437,0.97000000,1.00000000
0.00370388,0.97083333,1.00000000
0.00367723,0.97166667,1.00000000
0.00366824,0.97250000,1.00000000
0.00364587,0.97333333,1.00000000
0.00363472,0.97416667,1.00000000
0.00361417,0.97500000,1.00000000
0.00357695,0.97583333,1.00000000
0.00356066,0.97666667,1.00000000
0.00353284,0.97750000,1.00000000
0.00349524,0.97833333,1.00000000
0.00347821,0.97916667,1.00000000
0.00345134,0.98000000,1.00000000
0.00341629,0.98083333,1.00000000
0.00341422,0.98166667,1.00000000
0.00339151,0.98250000,1.00000000
0.00335626,0.98333333,1.00000000
0.00332595,0.98416667,1.00000000
0.00328488,0.98500000,1.00000000
0.00324642,0.98583333,1.00000000
0.00321937,0.98666667,1.00000000
0.00319155,0.98750000,1.00000000
0.00318947,0.98833333,1.00000000
0.00316967,0.98916667,1.00000000
0.00309497,0.99000000,1.00000000
0.00307801,0.99083333,1.00000000
0.00304175,0.99166667,1.00000000
0.00301170,0.99250000,1.00000000
0.00296643,0.99333333,1.00000000
0.00291908,0.99416667,1.00000000
0.00290784,0.99500000,1.00000000
0.00286000,0.99583333,1.00000000
0.00284066,0.99666667,1.00000000
0.00282892,0.99750000,1.00000000
0.00282519,0.99833333,1.00000000
0.00278621,0.99916667,1.00000000
0.00278037,1.00000000,1.00000000
0.00277937,1.00000000,1.00000000
